species_clean,metric,n,r,p_value,transform,species_original,norm_name,class,family_lc,genus_lc,genus_from_name_lc,species_label,Effect,p_BH
Alpheus_diadema,afdw_mg_cm2,44,-0.1855304915151425,0.2279166083228356,raw,Alpheus diadema,alpheus diadema,Malacostraca,NA,NA,alpheus,italic(Alpheus diadema),Negative,0.7674695299352391
Alpheus_diadema,carb_mg_cm2,44,-0.2477358438188203,0.104937695015735,raw,Alpheus diadema,alpheus diadema,Malacostraca,NA,NA,alpheus,italic(Alpheus diadema),Negative,0.764026758442577
Alpheus_diadema,growth_vol_b,44,-0.22257455905718146,0.1464524325641227,raw,Alpheus diadema,alpheus diadema,Malacostraca,NA,NA,alpheus,italic(Alpheus diadema),Negative,0.764026758442577
Alpheus_diadema,protein_mg_cm2,44,-0.32686010735044163,0.030341770945250316,raw,Alpheus diadema,alpheus diadema,Malacostraca,NA,NA,alpheus,italic(Alpheus diadema),Negative,0.6605704082354257
Alpheus_diadema,zoox_cells_cm2,44,-0.07360655764715197,0.634901195788142,raw,Alpheus diadema,alpheus diadema,Malacostraca,NA,NA,alpheus,italic(Alpheus diadema),Negative,0.8935646459240517
Alpheus_lottini,afdw_mg_cm2,44,-0.16414080371303585,0.28701875858382897,raw,Alpheus lottini,alpheus lottini,Malacostraca,NA,NA,alpheus,italic(Alpheus lottini),Negative,0.8020910702812067
Alpheus_lottini,carb_mg_cm2,44,-0.04573508926355933,0.7681520529440873,raw,Alpheus lottini,alpheus lottini,Malacostraca,NA,NA,alpheus,italic(Alpheus lottini),Negative,0.9477200653206272
Alpheus_lottini,growth_vol_b,44,-0.11812821677543266,0.44504847998338504,raw,Alpheus lottini,alpheus lottini,Malacostraca,NA,NA,alpheus,italic(Alpheus lottini),Negative,0.8897294631367394
Alpheus_lottini,protein_mg_cm2,44,-0.15317578270113985,0.3208675762595874,raw,Alpheus lottini,alpheus lottini,Malacostraca,NA,NA,alpheus,italic(Alpheus lottini),Negative,0.8020910702812067
Alpheus_lottini,zoox_cells_cm2,44,-0.024294319811588718,0.8756120957760675,raw,Alpheus lottini,alpheus lottini,Malacostraca,NA,NA,alpheus,italic(Alpheus lottini),Negative,0.9768909486244352
Apataxia_cerithiiformis,afdw_mg_cm2,44,-0.10597085452689708,0.4935796388187773,raw,Apataxia cerithiiformis,apataxia cerithiiformis,Gastropoda,NA,NA,apataxia,italic(Apataxia cerithiiformis),Negative,0.8897294631367394
Apataxia_cerithiiformis,carb_mg_cm2,44,-0.20893471334989866,0.17348379458070728,raw,Apataxia cerithiiformis,apataxia cerithiiformis,Gastropoda,NA,NA,apataxia,italic(Apataxia cerithiiformis),Negative,0.764026758442577
Apataxia_cerithiiformis,growth_vol_b,44,-0.05635007631851074,0.7163715325400785,raw,Apataxia cerithiiformis,apataxia cerithiiformis,Gastropoda,NA,NA,apataxia,italic(Apataxia cerithiiformis),Negative,0.9134939005544624
Apataxia_cerithiiformis,protein_mg_cm2,44,-0.11119279909043862,0.47240646440733836,raw,Apataxia cerithiiformis,apataxia cerithiiformis,Gastropoda,NA,NA,apataxia,italic(Apataxia cerithiiformis),Negative,0.8897294631367394
Apataxia_cerithiiformis,zoox_cells_cm2,44,-0.14280328718356108,0.35510557767040607,raw,Apataxia cerithiiformis,apataxia cerithiiformis,Gastropoda,NA,NA,apataxia,italic(Apataxia cerithiiformis),Negative,0.8020910702812067
Athanas_djiboutensis,afdw_mg_cm2,44,0.3034421965236319,0.045247012370381944,raw,Athanas djiboutensis,athanas djiboutensis,Malacostraca,NA,NA,athanas,italic(Athanas djiboutensis),Positive,0.6605704082354257
Athanas_djiboutensis,carb_mg_cm2,44,-0.11411629197507381,0.4607668067075641,raw,Athanas djiboutensis,athanas djiboutensis,Malacostraca,NA,NA,athanas,italic(Athanas djiboutensis),Negative,0.8897294631367394
Athanas_djiboutensis,growth_vol_b,44,-0.037903603018621806,0.8070188597032422,raw,Athanas djiboutensis,athanas djiboutensis,Malacostraca,NA,NA,athanas,italic(Athanas djiboutensis),Negative,0.9606558745629223
Athanas_djiboutensis,protein_mg_cm2,44,0.047925278291208476,0.757377763808212,raw,Athanas djiboutensis,athanas djiboutensis,Malacostraca,NA,NA,athanas,italic(Athanas djiboutensis),Positive,0.946722204760265
Athanas_djiboutensis,zoox_cells_cm2,44,0.023559203871513057,0.8793477039189073,raw,Athanas djiboutensis,athanas djiboutensis,Malacostraca,NA,NA,athanas,italic(Athanas djiboutensis),Positive,0.9768909486244352
Calcinus_latens,afdw_mg_cm2,44,0.15885029702330294,0.3030488477309606,raw,Calcinus latens,calcinus latens,Malacostraca,NA,NA,calcinus,italic(Calcinus latens),Positive,0.8020910702812067
Calcinus_latens,carb_mg_cm2,44,0.14895850993416043,0.33452881449411964,raw,Calcinus latens,calcinus latens,Malacostraca,NA,NA,calcinus,italic(Calcinus latens),Positive,0.8020910702812067
Calcinus_latens,growth_vol_b,44,-0.16733131749475896,0.27762336230703105,raw,Calcinus latens,calcinus latens,Malacostraca,NA,NA,calcinus,italic(Calcinus latens),Negative,0.8020910702812067
Calcinus_latens,protein_mg_cm2,44,0.08994338455999781,0.5614964787491428,raw,Calcinus latens,calcinus latens,Malacostraca,NA,NA,calcinus,italic(Calcinus latens),Positive,0.8897294631367394
Calcinus_latens,zoox_cells_cm2,44,0.21788832399065547,0.15536449470160552,raw,Calcinus latens,calcinus latens,Malacostraca,NA,NA,calcinus,italic(Calcinus latens),Positive,0.764026758442577
Caracanthus_maculatus,afdw_mg_cm2,44,0.40147014712248646,0.006911851219826894,raw,Caracanthus maculatus,caracanthus maculatus,Actinopterygii,NA,NA,caracanthus,italic(Caracanthus maculatus),Positive,0.43775057725570327
Caracanthus_maculatus,carb_mg_cm2,44,0.35424998533246865,0.018311536767706804,raw,Caracanthus maculatus,caracanthus maculatus,Actinopterygii,NA,NA,caracanthus,italic(Caracanthus maculatus),Positive,0.6605704082354257
Caracanthus_maculatus,growth_vol_b,44,0.24496980176121863,0.109002397777676,raw,Caracanthus maculatus,caracanthus maculatus,Actinopterygii,NA,NA,caracanthus,italic(Caracanthus maculatus),Positive,0.764026758442577
Caracanthus_maculatus,protein_mg_cm2,44,0.49897146910649715,5.654941820241598e-4,raw,Caracanthus maculatus,caracanthus maculatus,Actinopterygii,NA,NA,caracanthus,italic(Caracanthus maculatus),Positive,0.10744389458459036
Caracanthus_maculatus,zoox_cells_cm2,44,0.23452966090703992,0.12543130069106856,raw,Caracanthus maculatus,caracanthus maculatus,Actinopterygii,NA,NA,caracanthus,italic(Caracanthus maculatus),Positive,0.764026758442577
Carinomitra_typha,afdw_mg_cm2,44,-0.08319430134283602,0.5913408434062222,raw,Carinomitra typha,carinomitra typha,Gastropoda,NA,NA,carinomitra,italic(Carinomitra typha),Negative,0.8897294631367394
Carinomitra_typha,carb_mg_cm2,44,-0.1480496669878297,0.33751950085149474,raw,Carinomitra typha,carinomitra typha,Gastropoda,NA,NA,carinomitra,italic(Carinomitra typha),Negative,0.8020910702812067
Carinomitra_typha,growth_vol_b,44,-0.006224906247021449,0.968011012176857,raw,Carinomitra typha,carinomitra typha,Gastropoda,NA,NA,carinomitra,italic(Carinomitra typha),Negative,0.9805893799645959
Carinomitra_typha,protein_mg_cm2,44,-0.08127860849105259,0.5999381615448743,raw,Carinomitra typha,carinomitra typha,Gastropoda,NA,NA,carinomitra,italic(Carinomitra typha),Negative,0.8897294631367394
Carinomitra_typha,zoox_cells_cm2,44,0.04157798320566367,0.7887199160371798,raw,Carinomitra typha,carinomitra typha,Gastropoda,NA,NA,carinomitra,italic(Carinomitra typha),Positive,0.9484606585257226
Cellana_taitensis,afdw_mg_cm2,44,0.08791693697437092,0.5703833130399765,raw,Cellana taitensis,cellana taitensis,Gastropoda,NA,NA,cellana,italic(Cellana taitensis),Positive,0.8897294631367394
Cellana_taitensis,carb_mg_cm2,44,-0.07625222953838921,0.6227503011810576,raw,Cellana taitensis,cellana taitensis,Gastropoda,NA,NA,cellana,italic(Cellana taitensis),Negative,0.8935646459240517
Cellana_taitensis,growth_vol_b,44,-0.013919036078697673,0.9285457033303794,raw,Cellana taitensis,cellana taitensis,Gastropoda,NA,NA,cellana,italic(Cellana taitensis),Negative,0.9788438109037493
Cellana_taitensis,protein_mg_cm2,44,-0.17344431709920669,0.2601918007103748,raw,Cellana taitensis,cellana taitensis,Gastropoda,NA,NA,cellana,italic(Cellana taitensis),Negative,0.7973619699188904
Cellana_taitensis,zoox_cells_cm2,44,0.029975859074720536,0.8468364379939451,raw,Cellana taitensis,cellana taitensis,Gastropoda,NA,NA,cellana,italic(Cellana taitensis),Positive,0.9692706218002987
Cerithium_zebrum,afdw_mg_cm2,44,0.1165677715071331,0.451126846585887,raw,Cerithium zebrum,cerithium zebrum,Gastropoda,NA,NA,cerithium,italic(Cerithium zebrum),Positive,0.8897294631367394
Cerithium_zebrum,carb_mg_cm2,44,-0.19337227478443902,0.20851091639355465,raw,Cerithium zebrum,cerithium zebrum,Gastropoda,NA,NA,cerithium,italic(Cerithium zebrum),Negative,0.7674695299352391
Cerithium_zebrum,growth_vol_b,44,-0.03650141580608281,0.8140294516033184,raw,Cerithium zebrum,cerithium zebrum,Gastropoda,NA,NA,cerithium,italic(Cerithium zebrum),Negative,0.9606558745629223
Cerithium_zebrum,protein_mg_cm2,44,-0.11103300394291576,0.47304714166055983,raw,Cerithium zebrum,cerithium zebrum,Gastropoda,NA,NA,cerithium,italic(Cerithium zebrum),Negative,0.8897294631367394
Cerithium_zebrum,zoox_cells_cm2,44,-0.03691099034332475,0.8119801687112185,raw,Cerithium zebrum,cerithium zebrum,Gastropoda,NA,NA,cerithium,italic(Cerithium zebrum),Negative,0.9606558745629223
Chlorodiella_barbata,afdw_mg_cm2,44,0.009080702405299658,0.9533490372802945,raw,Chlorodiella barbata,chlorodiella barbata,Malacostraca,NA,NA,chlorodiella,italic(Chlorodiella barbata),Positive,0.9805893799645959
Chlorodiella_barbata,carb_mg_cm2,44,-0.01853505511283123,0.9049439243313053,raw,Chlorodiella barbata,chlorodiella barbata,Malacostraca,NA,NA,chlorodiella,italic(Chlorodiella barbata),Negative,0.9769281001303864
Chlorodiella_barbata,growth_vol_b,44,0.03009194269736765,0.846250418188607,raw,Chlorodiella barbata,chlorodiella barbata,Malacostraca,NA,NA,chlorodiella,italic(Chlorodiella barbata),Positive,0.9692706218002987
Chlorodiella_barbata,protein_mg_cm2,44,-0.06240089241609098,0.687391755414331,raw,Chlorodiella barbata,chlorodiella barbata,Malacostraca,NA,NA,chlorodiella,italic(Chlorodiella barbata),Negative,0.9053807017178195
Chlorodiella_barbata,zoox_cells_cm2,44,0.06296887967548327,0.6846932658883924,raw,Chlorodiella barbata,chlorodiella barbata,Malacostraca,NA,NA,chlorodiella,italic(Chlorodiella barbata),Positive,0.9053807017178195
Coralliogalathea_humilis,afdw_mg_cm2,44,-0.07932479132857768,0.6087622642514533,raw,Coralliogalathea humilis,coralliogalathea humilis,Malacostraca,NA,NA,coralliogalathea,italic(Coralliogalathea humilis),Negative,0.8897294631367394
Coralliogalathea_humilis,carb_mg_cm2,44,-0.18357938609164434,0.23293148041930364,raw,Coralliogalathea humilis,coralliogalathea humilis,Malacostraca,NA,NA,coralliogalathea,italic(Coralliogalathea humilis),Negative,0.7674695299352391
Coralliogalathea_humilis,growth_vol_b,44,0.06892894587488034,0.6566163218749843,raw,Coralliogalathea humilis,coralliogalathea humilis,Malacostraca,NA,NA,coralliogalathea,italic(Coralliogalathea humilis),Positive,0.9002668247807769
Coralliogalathea_humilis,protein_mg_cm2,44,-0.1662034142000032,0.2809214538362721,raw,Coralliogalathea humilis,coralliogalathea humilis,Malacostraca,NA,NA,coralliogalathea,italic(Coralliogalathea humilis),Negative,0.8020910702812067
Coralliogalathea_humilis,zoox_cells_cm2,44,-0.034028273548841276,0.8264292939797385,raw,Coralliogalathea humilis,coralliogalathea humilis,Malacostraca,NA,NA,coralliogalathea,italic(Coralliogalathea humilis),Negative,0.969268925037965
Dascyllus_aruanus,afdw_mg_cm2,44,0.13578490315012645,0.37948483938723165,raw,Dascyllus aruanus,dascyllus aruanus,Actinopterygii,NA,NA,dascyllus,italic(Dascyllus aruanus),Positive,0.8193422668587956
Dascyllus_aruanus,carb_mg_cm2,44,0.22971741886557367,0.1336020169784272,raw,Dascyllus aruanus,dascyllus aruanus,Actinopterygii,NA,NA,dascyllus,italic(Dascyllus aruanus),Positive,0.764026758442577
Dascyllus_aruanus,growth_vol_b,44,0.464818962771574,0.001478620874451249,raw,Dascyllus aruanus,dascyllus aruanus,Actinopterygii,NA,NA,dascyllus,italic(Dascyllus aruanus),Positive,0.14046898307286865
Dascyllus_aruanus,protein_mg_cm2,44,0.28663935178736427,0.059239602006087085,raw,Dascyllus aruanus,dascyllus aruanus,Actinopterygii,NA,NA,dascyllus,italic(Dascyllus aruanus),Positive,0.6605704082354257
Dascyllus_aruanus,zoox_cells_cm2,44,0.007091698392429887,0.96355948315762,raw,Dascyllus aruanus,dascyllus aruanus,Actinopterygii,NA,NA,dascyllus,italic(Dascyllus aruanus),Positive,0.9805893799645959
Dascyllus_flavicaudus,afdw_mg_cm2,44,0.164531559507897,0.28585708224342565,raw,Dascyllus flavicaudus,dascyllus flavicaudus,Actinopterygii,NA,NA,dascyllus,italic(Dascyllus flavicaudus),Positive,0.8020910702812067
Dascyllus_flavicaudus,carb_mg_cm2,44,0.08153393850956168,0.5987891380698264,raw,Dascyllus flavicaudus,dascyllus flavicaudus,Actinopterygii,NA,NA,dascyllus,italic(Dascyllus flavicaudus),Positive,0.8897294631367394
Dascyllus_flavicaudus,growth_vol_b,44,0.18305957134584647,0.23428017229602036,raw,Dascyllus flavicaudus,dascyllus flavicaudus,Actinopterygii,NA,NA,dascyllus,italic(Dascyllus flavicaudus),Positive,0.7674695299352391
Dascyllus_flavicaudus,protein_mg_cm2,44,0.2121006758378948,0.1669108152040785,raw,Dascyllus flavicaudus,dascyllus flavicaudus,Actinopterygii,NA,NA,dascyllus,italic(Dascyllus flavicaudus),Positive,0.764026758442577
Dascyllus_flavicaudus,zoox_cells_cm2,44,3.3517013386773046e-4,0.9982771603740266,raw,Dascyllus flavicaudus,dascyllus flavicaudus,Actinopterygii,NA,NA,dascyllus,italic(Dascyllus flavicaudus),Positive,0.9982771603740266
Diala_albugo,afdw_mg_cm2,44,0.10953319143767316,0.4790828375340136,raw,Diala albugo,diala albugo,Gastropoda,NA,NA,diala,italic(Diala albugo),Positive,0.8897294631367394
Diala_albugo,carb_mg_cm2,44,-0.19168086869548673,0.21259556630369525,raw,Diala albugo,diala albugo,Gastropoda,NA,NA,diala,italic(Diala albugo),Negative,0.7674695299352391
Diala_albugo,growth_vol_b,44,-0.2009674038982219,0.19084536147019637,raw,Diala albugo,diala albugo,Gastropoda,NA,NA,diala,italic(Diala albugo),Negative,0.7674695299352391
Diala_albugo,protein_mg_cm2,44,-0.24995128823823137,0.10176655746133778,raw,Diala albugo,diala albugo,Gastropoda,NA,NA,diala,italic(Diala albugo),Negative,0.764026758442577
Diala_albugo,zoox_cells_cm2,44,0.07996875509329991,0.6058477534138833,raw,Diala albugo,diala albugo,Gastropoda,NA,NA,diala,italic(Diala albugo),Positive,0.8897294631367394
Diala_semistriata,afdw_mg_cm2,44,-0.06593183879489391,0.6706798136135119,raw,Diala semistriata,diala semistriata,Gastropoda,NA,NA,diala,italic(Diala semistriata),Negative,0.9037529403302642
Diala_semistriata,carb_mg_cm2,44,-0.15608282439438786,0.3116582896368171,raw,Diala semistriata,diala semistriata,Gastropoda,NA,NA,diala,italic(Diala semistriata),Negative,0.8020910702812067
Diala_semistriata,growth_vol_b,44,0.02482245255540921,0.8729299486522191,raw,Diala semistriata,diala semistriata,Gastropoda,NA,NA,diala,italic(Diala semistriata),Positive,0.9768909486244352
Diala_semistriata,protein_mg_cm2,44,-0.1769181607940814,0.2506185468857983,raw,Diala semistriata,diala semistriata,Gastropoda,NA,NA,diala,italic(Diala semistriata),Negative,0.7877518325587761
Diala_semistriata,zoox_cells_cm2,44,0.0048631289720188625,0.9750064939853618,raw,Diala semistriata,diala semistriata,Gastropoda,NA,NA,diala,italic(Diala semistriata),Positive,0.9805893799645959
Fennera_chacei,afdw_mg_cm2,44,0.22262866386388339,0.14635178860442105,raw,Fennera chacei,fennera chacei,Malacostraca,NA,NA,fennera,italic(Fennera chacei),Positive,0.764026758442577
Fennera_chacei,carb_mg_cm2,44,0.3347907257791374,0.02632677641863177,raw,Fennera chacei,fennera chacei,Malacostraca,NA,NA,fennera,italic(Fennera chacei),Positive,0.6605704082354257
Fennera_chacei,growth_vol_b,44,0.16053876613359708,0.29787171911412896,raw,Fennera chacei,fennera chacei,Malacostraca,NA,NA,fennera,italic(Fennera chacei),Positive,0.8020910702812067
Fennera_chacei,protein_mg_cm2,44,0.3620728443024214,0.015728546111250477,raw,Fennera chacei,fennera chacei,Malacostraca,NA,NA,fennera,italic(Fennera chacei),Positive,0.6605704082354257
Fennera_chacei,zoox_cells_cm2,44,0.15616624217273767,0.3113965327902856,raw,Fennera chacei,fennera chacei,Malacostraca,NA,NA,fennera,italic(Fennera chacei),Positive,0.8020910702812067
Galathea_mauritiana,afdw_mg_cm2,44,-0.06850123943120369,0.6586162560238316,raw,Galathea mauritiana,galathea mauritiana,Malacostraca,NA,NA,galathea,italic(Galathea mauritiana),Negative,0.9002668247807769
Galathea_mauritiana,carb_mg_cm2,44,-0.0418291286292844,0.7874731482973106,raw,Galathea mauritiana,galathea mauritiana,Malacostraca,NA,NA,galathea,italic(Galathea mauritiana),Negative,0.9484606585257226
Galathea_mauritiana,growth_vol_b,44,-0.013009551218167903,0.9332037084397105,raw,Galathea mauritiana,galathea mauritiana,Malacostraca,NA,NA,galathea,italic(Galathea mauritiana),Negative,0.9788438109037493
Galathea_mauritiana,protein_mg_cm2,44,0.01586973453739339,0.9185631840286397,raw,Galathea mauritiana,galathea mauritiana,Malacostraca,NA,NA,galathea,italic(Galathea mauritiana),Positive,0.9788438109037493
Galathea_mauritiana,zoox_cells_cm2,44,-0.11013804519568128,0.47664386149884874,raw,Galathea mauritiana,galathea mauritiana,Malacostraca,NA,NA,galathea,italic(Galathea mauritiana),Negative,0.8897294631367394
Galeropsis_monodonta,afdw_mg_cm2,44,0.007002645745076649,0.9640167769632983,raw,Galeropsis monodonta,galeropsis monodonta,Gastropoda,NA,NA,galeropsis,italic(Galeropsis monodonta),Positive,0.9805893799645959
Galeropsis_monodonta,carb_mg_cm2,44,-0.1881822767729806,0.22122040349205724,raw,Galeropsis monodonta,galeropsis monodonta,Gastropoda,NA,NA,galeropsis,italic(Galeropsis monodonta),Negative,0.7674695299352391
Galeropsis_monodonta,growth_vol_b,44,-0.07133006676486978,0.6454331087071139,raw,Galeropsis monodonta,galeropsis monodonta,Gastropoda,NA,NA,galeropsis,italic(Galeropsis monodonta),Negative,0.8951262091558514
Galeropsis_monodonta,protein_mg_cm2,44,-0.20882471642616998,0.1737154660865542,raw,Galeropsis monodonta,galeropsis monodonta,Gastropoda,NA,NA,galeropsis,italic(Galeropsis monodonta),Negative,0.764026758442577
Galeropsis_monodonta,zoox_cells_cm2,44,0.2724842175557817,0.07354181341035561,raw,Galeropsis monodonta,galeropsis monodonta,Gastropoda,NA,NA,galeropsis,italic(Galeropsis monodonta),Positive,0.735418134103556
Halichoeres_trimaculatus,afdw_mg_cm2,44,0.08460330995859859,0.5850525007657696,raw,Halichoeres trimaculatus,halichoeres trimaculatus,Teleostei,NA,NA,halichoeres,italic(Halichoeres trimaculatus),Positive,0.8897294631367394
Halichoeres_trimaculatus,carb_mg_cm2,44,0.08614503433866053,0.5782063850822605,raw,Halichoeres trimaculatus,halichoeres trimaculatus,Teleostei,NA,NA,halichoeres,italic(Halichoeres trimaculatus),Positive,0.8897294631367394
Halichoeres_trimaculatus,growth_vol_b,44,0.04658098784163972,0.7639855461700064,raw,Halichoeres trimaculatus,halichoeres trimaculatus,Teleostei,NA,NA,halichoeres,italic(Halichoeres trimaculatus),Positive,0.9477200653206272
Halichoeres_trimaculatus,protein_mg_cm2,44,0.05123044607069617,0.7412047744233206,raw,Halichoeres trimaculatus,halichoeres trimaculatus,Teleostei,NA,NA,halichoeres,italic(Halichoeres trimaculatus),Positive,0.9373501055927501
Halichoeres_trimaculatus,zoox_cells_cm2,44,0.15947322995355165,0.3011321609709722,raw,Halichoeres trimaculatus,halichoeres trimaculatus,Teleostei,NA,NA,halichoeres,italic(Halichoeres trimaculatus),Positive,0.8020910702812067
Hargeria_rapax,afdw_mg_cm2,44,0.014773247866861794,0.9241729290658203,raw,Hargeria rapax,hargeria rapax,Malacostraca,NA,NA,hargeria,italic(Hargeria rapax),Positive,0.9788438109037493
Hargeria_rapax,carb_mg_cm2,44,-0.22478247636880158,0.1423866402817187,raw,Hargeria rapax,hargeria rapax,Malacostraca,NA,NA,hargeria,italic(Hargeria rapax),Negative,0.764026758442577
Hargeria_rapax,growth_vol_b,44,0.14168116248017934,0.358938043281238,raw,Hargeria rapax,hargeria rapax,Malacostraca,NA,NA,hargeria,italic(Hargeria rapax),Positive,0.8020910702812067
Hargeria_rapax,protein_mg_cm2,44,-0.21279436932704965,0.16549503178253444,raw,Hargeria rapax,hargeria rapax,Malacostraca,NA,NA,hargeria,italic(Hargeria rapax),Negative,0.764026758442577
Hargeria_rapax,zoox_cells_cm2,44,-0.07427783207374895,0.6318090514571775,raw,Hargeria rapax,hargeria rapax,Malacostraca,NA,NA,hargeria,italic(Hargeria rapax),Negative,0.8935646459240517
Harpiliopsis_beaupresii,afdw_mg_cm2,44,0.11435838731178334,0.4598099039619119,raw,Harpiliopsis beaupresii,harpiliopsis beaupresii,Malacostraca,NA,NA,harpiliopsis,italic(Harpiliopsis beaupresii),Positive,0.8897294631367394
Harpiliopsis_beaupresii,carb_mg_cm2,44,-0.04314411314526931,0.780953770400811,raw,Harpiliopsis beaupresii,harpiliopsis beaupresii,Malacostraca,NA,NA,harpiliopsis,italic(Harpiliopsis beaupresii),Negative,0.9484606585257226
Harpiliopsis_beaupresii,growth_vol_b,44,0.2384989633320884,0.11897906640549295,raw,Harpiliopsis beaupresii,harpiliopsis beaupresii,Malacostraca,NA,NA,harpiliopsis,italic(Harpiliopsis beaupresii),Positive,0.764026758442577
Harpiliopsis_beaupresii,protein_mg_cm2,44,-0.08705207694183079,0.5741956546663791,raw,Harpiliopsis beaupresii,harpiliopsis beaupresii,Malacostraca,NA,NA,harpiliopsis,italic(Harpiliopsis beaupresii),Negative,0.8897294631367394
Harpiliopsis_beaupresii,zoox_cells_cm2,44,0.2513783544476886,0.09976315806119507,raw,Harpiliopsis beaupresii,harpiliopsis beaupresii,Malacostraca,NA,NA,harpiliopsis,italic(Harpiliopsis beaupresii),Positive,0.764026758442577
Harpiliopsis_spinigera,afdw_mg_cm2,44,0.08218166476394949,0.5958785970195168,raw,Harpiliopsis spinigera,harpiliopsis spinigera,Malacostraca,NA,NA,harpiliopsis,italic(Harpiliopsis spinigera),Positive,0.8897294631367394
Harpiliopsis_spinigera,carb_mg_cm2,44,0.19938991674462933,0.19442405534931695,raw,Harpiliopsis spinigera,harpiliopsis spinigera,Malacostraca,NA,NA,harpiliopsis,italic(Harpiliopsis spinigera),Positive,0.7674695299352391
Harpiliopsis_spinigera,growth_vol_b,44,0.3243226131225705,0.031728715208871994,raw,Harpiliopsis spinigera,harpiliopsis spinigera,Malacostraca,NA,NA,harpiliopsis,italic(Harpiliopsis spinigera),Positive,0.6605704082354257
Harpiliopsis_spinigera,protein_mg_cm2,44,0.18819428912296504,0.2211903828860542,raw,Harpiliopsis spinigera,harpiliopsis spinigera,Malacostraca,NA,NA,harpiliopsis,italic(Harpiliopsis spinigera),Positive,0.7674695299352391
Harpiliopsis_spinigera,zoox_cells_cm2,44,0.057169515122400046,0.7124227094183532,raw,Harpiliopsis spinigera,harpiliopsis spinigera,Malacostraca,NA,NA,harpiliopsis,italic(Harpiliopsis spinigera),Positive,0.9134939005544624
Luniella_pugil,afdw_mg_cm2,44,-0.23462097796289974,0.1252799679775562,raw,Luniella pugil,luniella pugil,Malacostraca,NA,NA,luniella,italic(Luniella pugil),Negative,0.764026758442577
Luniella_pugil,carb_mg_cm2,44,-0.2628050081147262,0.08479689772064761,raw,Luniella pugil,luniella pugil,Malacostraca,NA,NA,luniella,italic(Luniella pugil),Negative,0.764026758442577
Luniella_pugil,growth_vol_b,44,-0.15667922379154495,0.30978991925066884,raw,Luniella pugil,luniella pugil,Malacostraca,NA,NA,luniella,italic(Luniella pugil),Negative,0.8020910702812067
Luniella_pugil,protein_mg_cm2,44,-0.28760339064118384,0.058352899154735474,raw,Luniella pugil,luniella pugil,Malacostraca,NA,NA,luniella,italic(Luniella pugil),Negative,0.6605704082354257
Luniella_pugil,zoox_cells_cm2,44,-0.14173182062407003,0.35876448909177094,raw,Luniella pugil,luniella pugil,Malacostraca,NA,NA,luniella,italic(Luniella pugil),Negative,0.8020910702812067
Macteola_interrupta,afdw_mg_cm2,44,-0.1321910923120326,0.39234302090058315,raw,Macteola interrupta,macteola interrupta,Gastropoda,NA,NA,macteola,italic(Macteola interrupta),Negative,0.8375862243945034
Macteola_interrupta,carb_mg_cm2,44,-0.214479527341173,0.16209204675602712,raw,Macteola interrupta,macteola interrupta,Gastropoda,NA,NA,macteola,italic(Macteola interrupta),Negative,0.764026758442577
Macteola_interrupta,growth_vol_b,44,-0.1806328979373647,0.24064681829952936,raw,Macteola interrupta,macteola interrupta,Gastropoda,NA,NA,macteola,italic(Macteola interrupta),Negative,0.7749643301171284
Macteola_interrupta,protein_mg_cm2,44,-0.12181803535246584,0.4308562330872928,raw,Macteola interrupta,macteola interrupta,Gastropoda,NA,NA,macteola,italic(Macteola interrupta),Negative,0.8897294631367394
Macteola_interrupta,zoox_cells_cm2,44,-0.03143136700696953,0.8394946674326133,raw,Macteola interrupta,macteola interrupta,Gastropoda,NA,NA,macteola,italic(Macteola interrupta),Negative,0.9692706218002987
Menaethius_monoceros,afdw_mg_cm2,44,-0.22773645878388057,0.13707841690035028,raw,Menaethius monoceros,menaethius monoceros,Malacostraca,NA,NA,menaethius,italic(Menaethius monoceros),Negative,0.764026758442577
Menaethius_monoceros,carb_mg_cm2,44,-0.2582381607627275,0.09055316230137307,raw,Menaethius monoceros,menaethius monoceros,Malacostraca,NA,NA,menaethius,italic(Menaethius monoceros),Negative,0.764026758442577
Menaethius_monoceros,growth_vol_b,44,0.09360830458063951,0.5455902098349144,raw,Menaethius monoceros,menaethius monoceros,Malacostraca,NA,NA,menaethius,italic(Menaethius monoceros),Positive,0.8897294631367394
Menaethius_monoceros,protein_mg_cm2,44,-0.28310771058032663,0.06258035446440875,raw,Menaethius monoceros,menaethius monoceros,Malacostraca,NA,NA,menaethius,italic(Menaethius monoceros),Negative,0.6605704082354257
Menaethius_monoceros,zoox_cells_cm2,44,0.10110400188740072,0.513744835330318,raw,Menaethius monoceros,menaethius monoceros,Malacostraca,NA,NA,menaethius,italic(Menaethius monoceros),Positive,0.8897294631367394
Mitrella_moleculina,afdw_mg_cm2,44,-0.2241757539560027,0.14349547748575292,raw,Mitrella moleculina,mitrella moleculina,Gastropoda,NA,NA,mitrella,italic(Mitrella moleculina),Negative,0.764026758442577
Mitrella_moleculina,carb_mg_cm2,44,-0.19341617839875166,0.20840562683286304,raw,Mitrella moleculina,mitrella moleculina,Gastropoda,NA,NA,mitrella,italic(Mitrella moleculina),Negative,0.7674695299352391
Mitrella_moleculina,growth_vol_b,44,-0.08855580086314055,0.5675746605224031,raw,Mitrella moleculina,mitrella moleculina,Gastropoda,NA,NA,mitrella,italic(Mitrella moleculina),Negative,0.8897294631367394
Mitrella_moleculina,protein_mg_cm2,44,-0.17607874472906196,0.2529097988741334,raw,Mitrella moleculina,mitrella moleculina,Gastropoda,NA,NA,mitrella,italic(Mitrella moleculina),Negative,0.7877518325587761
Mitrella_moleculina,zoox_cells_cm2,44,-0.19209104129848478,0.21159994607775195,raw,Mitrella moleculina,mitrella moleculina,Gastropoda,NA,NA,mitrella,italic(Mitrella moleculina),Negative,0.7674695299352391
Morula_zebrina,afdw_mg_cm2,44,0.0071887876676305,0.9630609336724627,raw,Morula zebrina,morula zebrina,Gastropoda,NA,NA,morula,italic(Morula zebrina),Positive,0.9805893799645959
Morula_zebrina,carb_mg_cm2,44,-0.09304030170380731,0.5480412463327753,raw,Morula zebrina,morula zebrina,Gastropoda,NA,NA,morula,italic(Morula zebrina),Negative,0.8897294631367394
Morula_zebrina,growth_vol_b,44,-0.20543990007501714,0.1809537059469261,raw,Morula zebrina,morula zebrina,Gastropoda,NA,NA,morula,italic(Morula zebrina),Negative,0.764026758442577
Morula_zebrina,protein_mg_cm2,44,0.059730498049644705,0.7001297316201016,raw,Morula zebrina,morula zebrina,Gastropoda,NA,NA,morula,italic(Morula zebrina),Positive,0.9053807017178195
Morula_zebrina,zoox_cells_cm2,44,-0.09788859147616337,0.5272903987414757,raw,Morula zebrina,morula zebrina,Gastropoda,NA,NA,morula,italic(Morula zebrina),Negative,0.8897294631367394
Paragobiodon_modestus,afdw_mg_cm2,44,0.004781014337919822,0.9754283832279401,raw,Paragobiodon modestus,paragobiodon modestus,Actinopterygii,NA,NA,paragobiodon,italic(Paragobiodon modestus),Positive,0.9805893799645959
Paragobiodon_modestus,carb_mg_cm2,44,0.02017656906790742,0.8965692531494964,raw,Paragobiodon modestus,paragobiodon modestus,Actinopterygii,NA,NA,paragobiodon,italic(Paragobiodon modestus),Positive,0.9769281001303864
Paragobiodon_modestus,growth_vol_b,44,-0.15320246630331083,0.3207822733939465,raw,Paragobiodon modestus,paragobiodon modestus,Actinopterygii,NA,NA,paragobiodon,italic(Paragobiodon modestus),Negative,0.8020910702812067
Paragobiodon_modestus,protein_mg_cm2,44,0.031067996968370412,0.8413263179025766,raw,Paragobiodon modestus,paragobiodon modestus,Actinopterygii,NA,NA,paragobiodon,italic(Paragobiodon modestus),Positive,0.9692706218002987
Paragobiodon_modestus,zoox_cells_cm2,44,-0.09541135909500831,0.5378446059083659,raw,Paragobiodon modestus,paragobiodon modestus,Actinopterygii,NA,NA,paragobiodon,italic(Paragobiodon modestus),Negative,0.8897294631367394
Pascula_muricata,afdw_mg_cm2,44,-0.22770678315714404,0.13713100111286902,raw,Pascula muricata,pascula muricata,Gastropoda,NA,NA,pascula,italic(Pascula muricata),Negative,0.764026758442577
Pascula_muricata,carb_mg_cm2,44,-0.09705435544070366,0.5308332429071061,raw,Pascula muricata,pascula muricata,Gastropoda,NA,NA,pascula,italic(Pascula muricata),Negative,0.8897294631367394
Pascula_muricata,growth_vol_b,44,0.14241068684116157,0.35644361067000563,raw,Pascula muricata,pascula muricata,Gastropoda,NA,NA,pascula,italic(Pascula muricata),Positive,0.8020910702812067
Pascula_muricata,protein_mg_cm2,44,-0.07362545504662849,0.6348140628590876,raw,Pascula muricata,pascula muricata,Gastropoda,NA,NA,pascula,italic(Pascula muricata),Negative,0.8935646459240517
Pascula_muricata,zoox_cells_cm2,44,-0.14675243190414178,0.3418168346206806,raw,Pascula muricata,pascula muricata,Gastropoda,NA,NA,pascula,italic(Pascula muricata),Negative,0.8020910702812067
Periclimenes_watamuae,afdw_mg_cm2,44,0.10148663224907896,0.5121446319911511,raw,Periclimenes watamuae,periclimenes watamuae,Malacostraca,NA,NA,periclimenes,italic(Periclimenes watamuae),Positive,0.8897294631367394
Periclimenes_watamuae,carb_mg_cm2,44,0.32521321156857047,0.03123608449790892,raw,Periclimenes watamuae,periclimenes watamuae,Malacostraca,NA,NA,periclimenes,italic(Periclimenes watamuae),Positive,0.6605704082354257
Periclimenes_watamuae,growth_vol_b,44,0.05046379597693197,0.7449466628658172,raw,Periclimenes watamuae,periclimenes watamuae,Malacostraca,NA,NA,periclimenes,italic(Periclimenes watamuae),Positive,0.9373501055927501
Periclimenes_watamuae,protein_mg_cm2,44,0.10693438011672571,0.4896364199406139,raw,Periclimenes watamuae,periclimenes watamuae,Malacostraca,NA,NA,periclimenes,italic(Periclimenes watamuae),Positive,0.8897294631367394
Periclimenes_watamuae,zoox_cells_cm2,44,0.06604429277528633,0.6701500891263859,raw,Periclimenes watamuae,periclimenes watamuae,Malacostraca,NA,NA,periclimenes,italic(Periclimenes watamuae),Positive,0.9037529403302642
Stomatolina_rubra,afdw_mg_cm2,44,0.09468984231842964,0.5409377184839281,raw,Stomatolina rubra,stomatolina rubra,Gastropoda,NA,NA,stomatolina,italic(Stomatolina rubra),Positive,0.8897294631367394
Stomatolina_rubra,carb_mg_cm2,44,-0.14239905124765245,0.35648331294988655,raw,Stomatolina rubra,stomatolina rubra,Gastropoda,NA,NA,stomatolina,italic(Stomatolina rubra),Negative,0.8020910702812067
Stomatolina_rubra,growth_vol_b,44,0.11450805812404366,0.45921885387212147,raw,Stomatolina rubra,stomatolina rubra,Gastropoda,NA,NA,stomatolina,italic(Stomatolina rubra),Positive,0.8897294631367394
Stomatolina_rubra,protein_mg_cm2,44,-0.08755958537070616,0.5719571250178511,raw,Stomatolina rubra,stomatolina rubra,Gastropoda,NA,NA,stomatolina,italic(Stomatolina rubra),Negative,0.8897294631367394
Stomatolina_rubra,zoox_cells_cm2,44,-0.059657572603658136,0.7004787534343129,raw,Stomatolina rubra,stomatolina rubra,Gastropoda,NA,NA,stomatolina,italic(Stomatolina rubra),Negative,0.9053807017178195
Strigatella_assimilis,afdw_mg_cm2,44,0.08589010790614189,0.5793358914135395,raw,Strigatella assimilis,strigatella assimilis,Gastropoda,NA,NA,strigatella,italic(Strigatella assimilis),Positive,0.8897294631367394
Strigatella_assimilis,carb_mg_cm2,44,-0.0964237016867067,0.5335192152898552,raw,Strigatella assimilis,strigatella assimilis,Gastropoda,NA,NA,strigatella,italic(Strigatella assimilis),Negative,0.8897294631367394
Strigatella_assimilis,growth_vol_b,44,-0.21528465652210924,0.1604842686088668,raw,Strigatella assimilis,strigatella assimilis,Gastropoda,NA,NA,strigatella,italic(Strigatella assimilis),Negative,0.764026758442577
Strigatella_assimilis,protein_mg_cm2,44,-0.1392942285249939,0.3671732276578057,raw,Strigatella assimilis,strigatella assimilis,Gastropoda,NA,NA,strigatella,italic(Strigatella assimilis),Negative,0.8020910702812067
Strigatella_assimilis,zoox_cells_cm2,44,0.0278887189455505,0.8573864902636941,raw,Strigatella assimilis,strigatella assimilis,Gastropoda,NA,NA,strigatella,italic(Strigatella assimilis),Positive,0.9754696595814484
Synalpheus_charon,afdw_mg_cm2,44,0.13964067934596297,0.36597094675814057,raw,Synalpheus charon,synalpheus charon,Malacostraca,NA,NA,synalpheus,italic(Synalpheus charon),Positive,0.8020910702812067
Synalpheus_charon,carb_mg_cm2,44,-0.012145837920915573,0.9376293346551703,raw,Synalpheus charon,synalpheus charon,Malacostraca,NA,NA,synalpheus,italic(Synalpheus charon),Negative,0.9788438109037493
Synalpheus_charon,growth_vol_b,44,-0.2922218182316953,0.05425125740567728,raw,Synalpheus charon,synalpheus charon,Malacostraca,NA,NA,synalpheus,italic(Synalpheus charon),Negative,0.6605704082354257
Synalpheus_charon,protein_mg_cm2,44,-0.04318197121820094,0.7807662964019406,raw,Synalpheus charon,synalpheus charon,Malacostraca,NA,NA,synalpheus,italic(Synalpheus charon),Negative,0.9484606585257226
Synalpheus_charon,zoox_cells_cm2,44,0.30465104062566417,0.04435407944201285,raw,Synalpheus charon,synalpheus charon,Malacostraca,NA,NA,synalpheus,italic(Synalpheus charon),Positive,0.6605704082354257
Trapezia_serenei,afdw_mg_cm2,44,0.0642494777120945,0.6786234407623462,raw,Trapezia serenei,trapezia serenei,Malacostraca,NA,NA,trapezia,italic(Trapezia serenei),Positive,0.9053807017178195
Trapezia_serenei,carb_mg_cm2,44,-0.09053472764806324,0.5589154092205834,raw,Trapezia serenei,trapezia serenei,Malacostraca,NA,NA,trapezia,italic(Trapezia serenei),Negative,0.8897294631367394
Trapezia_serenei,growth_vol_b,44,-0.19096144936443868,0.21434969255006728,raw,Trapezia serenei,trapezia serenei,Malacostraca,NA,NA,trapezia,italic(Trapezia serenei),Negative,0.7674695299352391
Trapezia_serenei,protein_mg_cm2,44,-0.1589586193259679,0.3027149933808112,raw,Trapezia serenei,trapezia serenei,Malacostraca,NA,NA,trapezia,italic(Trapezia serenei),Negative,0.8020910702812067
Trapezia_serenei,zoox_cells_cm2,44,0.2908115588498515,0.055478345616292966,raw,Trapezia serenei,trapezia serenei,Malacostraca,NA,NA,trapezia,italic(Trapezia serenei),Positive,0.6605704082354257
Trapezia_tigrina,afdw_mg_cm2,44,-0.02156685892756239,0.889484916379091,raw,Trapezia tigrina,trapezia tigrina,Malacostraca,NA,NA,trapezia,italic(Trapezia tigrina),Negative,0.9768909486244352
Trapezia_tigrina,carb_mg_cm2,44,-0.09767486079909282,0.5281969639176444,raw,Trapezia tigrina,trapezia tigrina,Malacostraca,NA,NA,trapezia,italic(Trapezia tigrina),Negative,0.8897294631367394
Trapezia_tigrina,growth_vol_b,44,0.13926542818206156,0.3672732795498157,raw,Trapezia tigrina,trapezia tigrina,Malacostraca,NA,NA,trapezia,italic(Trapezia tigrina),Positive,0.8020910702812067
Trapezia_tigrina,protein_mg_cm2,44,0.018536039811430233,0.9049388974516186,raw,Trapezia tigrina,trapezia tigrina,Malacostraca,NA,NA,trapezia,italic(Trapezia tigrina),Positive,0.9769281001303864
Trapezia_tigrina,zoox_cells_cm2,44,-0.2860799271036592,0.05975906936722656,raw,Trapezia tigrina,trapezia tigrina,Malacostraca,NA,NA,trapezia,italic(Trapezia tigrina),Negative,0.6605704082354257
Vexillum_interruptum,afdw_mg_cm2,44,0.14795963586498612,0.3378166605847819,raw,Vexillum interruptum,vexillum interruptum,Gastropoda,NA,NA,vexillum,italic(Vexillum interruptum),Positive,0.8020910702812067
Vexillum_interruptum,carb_mg_cm2,44,-0.061287404398742903,0.6926930268278686,raw,Vexillum interruptum,vexillum interruptum,Gastropoda,NA,NA,vexillum,italic(Vexillum interruptum),Negative,0.9053807017178195
Vexillum_interruptum,growth_vol_b,44,-0.08611244861552529,0.5783507074782741,raw,Vexillum interruptum,vexillum interruptum,Gastropoda,NA,NA,vexillum,italic(Vexillum interruptum),Negative,0.8897294631367394
Vexillum_interruptum,protein_mg_cm2,44,0.09113723147096746,0.5562913515187446,raw,Vexillum interruptum,vexillum interruptum,Gastropoda,NA,NA,vexillum,italic(Vexillum interruptum),Positive,0.8897294631367394
Vexillum_interruptum,zoox_cells_cm2,44,0.125359200213111,0.4174770674094509,raw,Vexillum interruptum,vexillum interruptum,Gastropoda,NA,NA,vexillum,italic(Vexillum interruptum),Positive,0.8813404756421741
Xanthias_lamarckii,afdw_mg_cm2,44,-0.07233291072340554,0.6407849656349188,raw,Xanthias lamarckii,xanthias lamarckii,Malacostraca,NA,NA,xanthias,italic(Xanthias lamarckii),Negative,0.8951262091558514
Xanthias_lamarckii,carb_mg_cm2,44,-0.22733720855870565,0.13778713155675162,raw,Xanthias lamarckii,xanthias lamarckii,Malacostraca,NA,NA,xanthias,italic(Xanthias lamarckii),Negative,0.764026758442577
Xanthias_lamarckii,growth_vol_b,44,-0.2064573923656755,0.17875554431434887,raw,Xanthias lamarckii,xanthias lamarckii,Malacostraca,NA,NA,xanthias,italic(Xanthias lamarckii),Negative,0.764026758442577
Xanthias_lamarckii,protein_mg_cm2,44,-0.18319460561054157,0.23392930595894,raw,Xanthias lamarckii,xanthias lamarckii,Malacostraca,NA,NA,xanthias,italic(Xanthias lamarckii),Negative,0.7674695299352391
Xanthias_lamarckii,zoox_cells_cm2,44,-0.0744037554402667,0.6312296894525962,raw,Xanthias lamarckii,xanthias lamarckii,Malacostraca,NA,NA,xanthias,italic(Xanthias lamarckii),Negative,0.8935646459240517
Zafra_hahajimana,afdw_mg_cm2,44,0.02440089597054224,0.8750707318087151,raw,Zafra hahajimana,zafra hahajimana,Gastropoda,NA,NA,zafra,italic(Zafra hahajimana),Positive,0.9768909486244352
Zafra_hahajimana,carb_mg_cm2,44,0.01501922442899471,0.9229141603108901,raw,Zafra hahajimana,zafra hahajimana,Gastropoda,NA,NA,zafra,italic(Zafra hahajimana),Positive,0.9788438109037493
Zafra_hahajimana,growth_vol_b,44,-0.021712184800334773,0.8887448775543976,raw,Zafra hahajimana,zafra hahajimana,Gastropoda,NA,NA,zafra,italic(Zafra hahajimana),Negative,0.9768909486244352
Zafra_hahajimana,protein_mg_cm2,44,0.08085277828966166,0.6018565972357979,raw,Zafra hahajimana,zafra hahajimana,Gastropoda,NA,NA,zafra,italic(Zafra hahajimana),Positive,0.8897294631367394
Zafra_hahajimana,zoox_cells_cm2,44,0.2953012907014804,0.051647577568587705,raw,Zafra hahajimana,zafra hahajimana,Gastropoda,NA,NA,zafra,italic(Zafra hahajimana),Positive,0.6605704082354257
Alpheus_diadema,afdw_mg_cm2,44,-0.22440783890554963,0.14307057099964024,sqrt,Alpheus diadema,alpheus diadema,Malacostraca,NA,NA,alpheus,italic(Alpheus diadema),Negative,0.6970104741008114
Alpheus_diadema,carb_mg_cm2,44,-0.28121711992726134,0.06442948900247514,sqrt,Alpheus diadema,alpheus diadema,Malacostraca,NA,NA,alpheus,italic(Alpheus diadema),Negative,0.5564364959304671
Alpheus_diadema,growth_vol_b,44,-0.2204188350069675,0.15050407916998282,sqrt,Alpheus diadema,alpheus diadema,Malacostraca,NA,NA,alpheus,italic(Alpheus diadema),Negative,0.7056641937021072
Alpheus_diadema,protein_mg_cm2,44,-0.3594974194347978,0.016542468672375136,sqrt,Alpheus diadema,alpheus diadema,Malacostraca,NA,NA,alpheus,italic(Alpheus diadema),Negative,0.36151808252358564
Alpheus_diadema,zoox_cells_cm2,44,-0.08685757843318767,0.5750546114749482,sqrt,Alpheus diadema,alpheus diadema,Malacostraca,NA,NA,alpheus,italic(Alpheus diadema),Negative,0.9091931712193357
Alpheus_lottini,afdw_mg_cm2,44,-0.20496462284824762,0.18198708153370133,sqrt,Alpheus lottini,alpheus lottini,Malacostraca,NA,NA,alpheus,italic(Alpheus lottini),Negative,0.7056641937021072
Alpheus_lottini,carb_mg_cm2,44,-0.09091076351297506,0.5572769976497494,sqrt,Alpheus lottini,alpheus lottini,Malacostraca,NA,NA,alpheus,italic(Alpheus lottini),Negative,0.9091931712193357
Alpheus_lottini,growth_vol_b,44,-0.11732272283023241,0.44818046525836375,sqrt,Alpheus lottini,alpheus lottini,Malacostraca,NA,NA,alpheus,italic(Alpheus lottini),Negative,0.8778792618462795
Alpheus_lottini,protein_mg_cm2,44,-0.2441413937792476,0.11024279586515054,sqrt,Alpheus lottini,alpheus lottini,Malacostraca,NA,NA,alpheus,italic(Alpheus lottini),Negative,0.6774923334293976
Alpheus_lottini,zoox_cells_cm2,44,-0.005874405584465197,0.9698113363966018,sqrt,Alpheus lottini,alpheus lottini,Malacostraca,NA,NA,alpheus,italic(Alpheus lottini),Negative,0.9834426628709246
Apataxia_cerithiiformis,afdw_mg_cm2,44,-0.12170038768164497,0.43130480094482715,sqrt,Apataxia cerithiiformis,apataxia cerithiiformis,Gastropoda,NA,NA,apataxia,italic(Apataxia cerithiiformis),Negative,0.8664381221292998
Apataxia_cerithiiformis,carb_mg_cm2,44,-0.2978656166856205,0.04955718378893766,sqrt,Apataxia cerithiiformis,apataxia cerithiiformis,Gastropoda,NA,NA,apataxia,italic(Apataxia cerithiiformis),Negative,0.4707932459949078
Apataxia_cerithiiformis,growth_vol_b,44,-0.13590925602734927,0.3790444416751747,sqrt,Apataxia cerithiiformis,apataxia cerithiiformis,Gastropoda,NA,NA,apataxia,italic(Apataxia cerithiiformis),Negative,0.8613491303578161
Apataxia_cerithiiformis,protein_mg_cm2,44,-0.20615897607492523,0.17939824086101633,sqrt,Apataxia cerithiiformis,apataxia cerithiiformis,Gastropoda,NA,NA,apataxia,italic(Apataxia cerithiiformis),Negative,0.7056641937021072
Apataxia_cerithiiformis,zoox_cells_cm2,44,-0.03911846436213461,0.8009568871502509,sqrt,Apataxia cerithiiformis,apataxia cerithiiformis,Gastropoda,NA,NA,apataxia,italic(Apataxia cerithiiformis),Negative,0.9262631721598403
Athanas_djiboutensis,afdw_mg_cm2,44,0.2019653005356048,0.1886058022694196,sqrt,Athanas djiboutensis,athanas djiboutensis,Malacostraca,NA,NA,athanas,italic(Athanas djiboutensis),Positive,0.7167020486237944
Athanas_djiboutensis,carb_mg_cm2,44,-0.19435648143298712,0.20615950487075757,sqrt,Athanas djiboutensis,athanas djiboutensis,Malacostraca,NA,NA,athanas,italic(Athanas djiboutensis),Negative,0.7212542870076909
Athanas_djiboutensis,growth_vol_b,44,-0.004228619436045685,0.9782666488558145,sqrt,Athanas djiboutensis,athanas djiboutensis,Malacostraca,NA,NA,athanas,italic(Athanas djiboutensis),Negative,0.9834426628709246
Athanas_djiboutensis,protein_mg_cm2,44,-0.041683817086961755,0.7881944583761162,sqrt,Athanas djiboutensis,athanas djiboutensis,Malacostraca,NA,NA,athanas,italic(Athanas djiboutensis),Negative,0.9262631721598403
Athanas_djiboutensis,zoox_cells_cm2,44,0.05473405775016244,0.7241803961403408,sqrt,Athanas djiboutensis,athanas djiboutensis,Malacostraca,NA,NA,athanas,italic(Athanas djiboutensis),Positive,0.9262631721598403
Calcinus_latens,afdw_mg_cm2,44,0.1300332045674507,0.40018445329855556,sqrt,Calcinus latens,calcinus latens,Malacostraca,NA,NA,calcinus,italic(Calcinus latens),Positive,0.8613491303578161
Calcinus_latens,carb_mg_cm2,44,0.18995740645842865,0.21681457847711277,sqrt,Calcinus latens,calcinus latens,Malacostraca,NA,NA,calcinus,italic(Calcinus latens),Positive,0.7212542870076909
Calcinus_latens,growth_vol_b,44,-0.14387442103701295,0.3514705804621485,sqrt,Calcinus latens,calcinus latens,Malacostraca,NA,NA,calcinus,italic(Calcinus latens),Negative,0.850067222643891
Calcinus_latens,protein_mg_cm2,44,0.1426920642954158,0.35548432919483863,sqrt,Calcinus latens,calcinus latens,Malacostraca,NA,NA,calcinus,italic(Calcinus latens),Positive,0.850067222643891
Calcinus_latens,zoox_cells_cm2,44,0.23741027750752164,0.12072326038689717,sqrt,Calcinus latens,calcinus latens,Malacostraca,NA,NA,calcinus,italic(Calcinus latens),Positive,0.691457682202471
Caracanthus_maculatus,afdw_mg_cm2,44,0.38698614541212123,0.009457528423831412,sqrt,Caracanthus maculatus,caracanthus maculatus,Actinopterygii,NA,NA,caracanthus,italic(Caracanthus maculatus),Positive,0.36151808252358564
Caracanthus_maculatus,carb_mg_cm2,44,0.39183091661970115,0.008528598431375744,sqrt,Caracanthus maculatus,caracanthus maculatus,Actinopterygii,NA,NA,caracanthus,italic(Caracanthus maculatus),Positive,0.36151808252358564
Caracanthus_maculatus,growth_vol_b,44,0.29205194933861395,0.05439789655165145,sqrt,Caracanthus maculatus,caracanthus maculatus,Actinopterygii,NA,NA,caracanthus,italic(Caracanthus maculatus),Positive,0.49217144499113213
Caracanthus_maculatus,protein_mg_cm2,44,0.4764072973504942,0.001078992294185537,sqrt,Caracanthus maculatus,caracanthus maculatus,Actinopterygii,NA,NA,caracanthus,italic(Caracanthus maculatus),Positive,0.20500853589525203
Caracanthus_maculatus,zoox_cells_cm2,44,0.24160726243025707,0.11410397194600382,sqrt,Caracanthus maculatus,caracanthus maculatus,Actinopterygii,NA,NA,caracanthus,italic(Caracanthus maculatus),Positive,0.6774923334293976
Carinomitra_typha,afdw_mg_cm2,44,-0.0885811908864467,0.5674631697530461,sqrt,Carinomitra typha,carinomitra typha,Gastropoda,NA,NA,carinomitra,italic(Carinomitra typha),Negative,0.9091931712193357
Carinomitra_typha,carb_mg_cm2,44,-0.1211990935228585,0.4332190610646499,sqrt,Carinomitra typha,carinomitra typha,Gastropoda,NA,NA,carinomitra,italic(Carinomitra typha),Negative,0.8664381221292998
Carinomitra_typha,growth_vol_b,44,-0.0018100984662646898,0.9906959383652978,sqrt,Carinomitra typha,carinomitra typha,Gastropoda,NA,NA,carinomitra,italic(Carinomitra typha),Negative,0.9906959383652978
Carinomitra_typha,protein_mg_cm2,44,-0.04111642474200992,0.7910126011473462,sqrt,Carinomitra typha,carinomitra typha,Gastropoda,NA,NA,carinomitra,italic(Carinomitra typha),Negative,0.9262631721598403
Carinomitra_typha,zoox_cells_cm2,44,0.059055899062089696,0.703360688533209,sqrt,Carinomitra typha,carinomitra typha,Gastropoda,NA,NA,carinomitra,italic(Carinomitra typha),Positive,0.9262631721598403
Cellana_taitensis,afdw_mg_cm2,44,0.0464636345227638,0.7645631841849188,sqrt,Cellana taitensis,cellana taitensis,Gastropoda,NA,NA,cellana,italic(Cellana taitensis),Positive,0.9262631721598403
Cellana_taitensis,carb_mg_cm2,44,-0.05689705494176339,0.7137348591100988,sqrt,Cellana taitensis,cellana taitensis,Gastropoda,NA,NA,cellana,italic(Cellana taitensis),Negative,0.9262631721598403
Cellana_taitensis,growth_vol_b,44,0.013692802238126215,0.9297041650248687,sqrt,Cellana taitensis,cellana taitensis,Gastropoda,NA,NA,cellana,italic(Cellana taitensis),Positive,0.9834426628709246
Cellana_taitensis,protein_mg_cm2,44,-0.1546135454009911,0.3162916508478967,sqrt,Cellana taitensis,cellana taitensis,Gastropoda,NA,NA,cellana,italic(Cellana taitensis),Negative,0.8346585230708384
Cellana_taitensis,zoox_cells_cm2,44,0.03554789207582243,0.818805086166001,sqrt,Cellana taitensis,cellana taitensis,Gastropoda,NA,NA,cellana,italic(Cellana taitensis),Positive,0.9262631721598403
Cerithium_zebrum,afdw_mg_cm2,44,0.13279130876574505,0.39017799959588484,sqrt,Cerithium zebrum,cerithium zebrum,Gastropoda,NA,NA,cerithium,italic(Cerithium zebrum),Positive,0.8613491303578161
Cerithium_zebrum,carb_mg_cm2,44,-0.16257816253618917,0.2916949873319202,sqrt,Cerithium zebrum,cerithium zebrum,Gastropoda,NA,NA,cerithium,italic(Cerithium zebrum),Negative,0.7917435370437834
Cerithium_zebrum,growth_vol_b,44,-0.11989034959091432,0.4382389380269056,sqrt,Cerithium zebrum,cerithium zebrum,Gastropoda,NA,NA,cerithium,italic(Cerithium zebrum),Negative,0.8673478981782508
Cerithium_zebrum,protein_mg_cm2,44,-0.050335303965316186,0.7455743811191371,sqrt,Cerithium zebrum,cerithium zebrum,Gastropoda,NA,NA,cerithium,italic(Cerithium zebrum),Negative,0.9262631721598403
Cerithium_zebrum,zoox_cells_cm2,44,0.02121268900171506,0.891288833403106,sqrt,Cerithium zebrum,cerithium zebrum,Gastropoda,NA,NA,cerithium,italic(Cerithium zebrum),Positive,0.9754973211444328
Chlorodiella_barbata,afdw_mg_cm2,44,0.01982624844007062,0.8983556171043665,sqrt,Chlorodiella barbata,chlorodiella barbata,Malacostraca,NA,NA,chlorodiella,italic(Chlorodiella barbata),Positive,0.9754973211444328
Chlorodiella_barbata,carb_mg_cm2,44,-0.0051870497180793295,0.9733423181252558,sqrt,Chlorodiella barbata,chlorodiella barbata,Malacostraca,NA,NA,chlorodiella,italic(Chlorodiella barbata),Negative,0.9834426628709246
Chlorodiella_barbata,growth_vol_b,44,0.05284358930636432,0.7333506260139111,sqrt,Chlorodiella barbata,chlorodiella barbata,Malacostraca,NA,NA,chlorodiella,italic(Chlorodiella barbata),Positive,0.9262631721598403
Chlorodiella_barbata,protein_mg_cm2,44,-0.06643258335344958,0.6683222281134449,sqrt,Chlorodiella barbata,chlorodiella barbata,Malacostraca,NA,NA,chlorodiella,italic(Chlorodiella barbata),Negative,0.9262631721598403
Chlorodiella_barbata,zoox_cells_cm2,44,0.05155518330824734,0.7396215583875821,sqrt,Chlorodiella barbata,chlorodiella barbata,Malacostraca,NA,NA,chlorodiella,italic(Chlorodiella barbata),Positive,0.9262631721598403
Coralliogalathea_humilis,afdw_mg_cm2,44,-0.1091429573070608,0.48065987198585625,sqrt,Coralliogalathea humilis,coralliogalathea humilis,Malacostraca,NA,NA,coralliogalathea,italic(Coralliogalathea humilis),Negative,0.8953468203658107
Coralliogalathea_humilis,carb_mg_cm2,44,-0.18741860568015228,0.22313470797456147,sqrt,Coralliogalathea humilis,coralliogalathea humilis,Malacostraca,NA,NA,coralliogalathea,italic(Coralliogalathea humilis),Negative,0.7212542870076909
Coralliogalathea_humilis,growth_vol_b,44,0.05799906309348668,0.7084327259539815,sqrt,Coralliogalathea humilis,coralliogalathea humilis,Malacostraca,NA,NA,coralliogalathea,italic(Coralliogalathea humilis),Positive,0.9262631721598403
Coralliogalathea_humilis,protein_mg_cm2,44,-0.18264613353223597,0.23535666207619388,sqrt,Coralliogalathea humilis,coralliogalathea humilis,Malacostraca,NA,NA,coralliogalathea,italic(Coralliogalathea humilis),Negative,0.7212542870076909
Coralliogalathea_humilis,zoox_cells_cm2,44,0.018008222306999774,0.9076339237377873,sqrt,Coralliogalathea humilis,coralliogalathea humilis,Malacostraca,NA,NA,coralliogalathea,italic(Coralliogalathea humilis),Positive,0.9754973211444328
Dascyllus_aruanus,afdw_mg_cm2,44,0.1061456810680336,0.4928629484175884,sqrt,Dascyllus aruanus,dascyllus aruanus,Actinopterygii,NA,NA,dascyllus,italic(Dascyllus aruanus),Positive,0.9004226942244403
Dascyllus_aruanus,carb_mg_cm2,44,0.20716682524172378,0.17723427489315288,sqrt,Dascyllus aruanus,dascyllus aruanus,Actinopterygii,NA,NA,dascyllus,italic(Dascyllus aruanus),Positive,0.7056641937021072
Dascyllus_aruanus,growth_vol_b,44,0.3761565030538322,0.011853028936922068,sqrt,Dascyllus aruanus,dascyllus aruanus,Actinopterygii,NA,NA,dascyllus,italic(Dascyllus aruanus),Positive,0.36151808252358564
Dascyllus_aruanus,protein_mg_cm2,44,0.18736531903263318,0.22326870730642107,sqrt,Dascyllus aruanus,dascyllus aruanus,Actinopterygii,NA,NA,dascyllus,italic(Dascyllus aruanus),Positive,0.7212542870076909
Dascyllus_aruanus,zoox_cells_cm2,44,0.04517242844076429,0.770927048771865,sqrt,Dascyllus aruanus,dascyllus aruanus,Actinopterygii,NA,NA,dascyllus,italic(Dascyllus aruanus),Positive,0.9262631721598403
Dascyllus_flavicaudus,afdw_mg_cm2,44,0.20892459294630655,0.17350510050646573,sqrt,Dascyllus flavicaudus,dascyllus flavicaudus,Actinopterygii,NA,NA,dascyllus,italic(Dascyllus flavicaudus),Positive,0.7056641937021072
Dascyllus_flavicaudus,carb_mg_cm2,44,0.1253137599574465,0.4176472397036147,sqrt,Dascyllus flavicaudus,dascyllus flavicaudus,Actinopterygii,NA,NA,dascyllus,italic(Dascyllus flavicaudus),Positive,0.8613491303578161
Dascyllus_flavicaudus,growth_vol_b,44,0.2247954700379284,0.14236296278117497,sqrt,Dascyllus flavicaudus,dascyllus flavicaudus,Actinopterygii,NA,NA,dascyllus,italic(Dascyllus flavicaudus),Positive,0.6970104741008114
Dascyllus_flavicaudus,protein_mg_cm2,44,0.26973461741152316,0.07661201444354943,sqrt,Dascyllus flavicaudus,dascyllus flavicaudus,Actinopterygii,NA,NA,dascyllus,italic(Dascyllus flavicaudus),Positive,0.606511781011433
Dascyllus_flavicaudus,zoox_cells_cm2,44,-0.009012378398282181,0.9536996618199809,sqrt,Dascyllus flavicaudus,dascyllus flavicaudus,Actinopterygii,NA,NA,dascyllus,italic(Dascyllus flavicaudus),Negative,0.9834426628709246
Diala_albugo,afdw_mg_cm2,44,0.050454792389143646,0.7449906425160635,sqrt,Diala albugo,diala albugo,Gastropoda,NA,NA,diala,italic(Diala albugo),Positive,0.9262631721598403
Diala_albugo,carb_mg_cm2,44,-0.18401739937606776,0.23179915559943737,sqrt,Diala albugo,diala albugo,Gastropoda,NA,NA,diala,italic(Diala albugo),Negative,0.7212542870076909
Diala_albugo,growth_vol_b,44,-0.15165224347042602,0.3257617491890613,sqrt,Diala albugo,diala albugo,Gastropoda,NA,NA,diala,italic(Diala albugo),Negative,0.8364153019719142
Diala_albugo,protein_mg_cm2,44,-0.2589889476800438,0.08958658133101938,sqrt,Diala albugo,diala albugo,Gastropoda,NA,NA,diala,italic(Diala albugo),Negative,0.6277035606128682
Diala_albugo,zoox_cells_cm2,44,0.10262749550331769,0.5073883312823462,sqrt,Diala albugo,diala albugo,Gastropoda,NA,NA,diala,italic(Diala albugo),Positive,0.9027816480652318
Diala_semistriata,afdw_mg_cm2,44,-0.04283654673146976,0.7824772999071452,sqrt,Diala semistriata,diala semistriata,Gastropoda,NA,NA,diala,italic(Diala semistriata),Negative,0.9262631721598403
Diala_semistriata,carb_mg_cm2,44,-0.10238231400183721,0.5084086123314726,sqrt,Diala semistriata,diala semistriata,Gastropoda,NA,NA,diala,italic(Diala semistriata),Negative,0.9027816480652318
Diala_semistriata,growth_vol_b,44,0.01804086307271128,0.9074672305562355,sqrt,Diala semistriata,diala semistriata,Gastropoda,NA,NA,diala,italic(Diala semistriata),Positive,0.9754973211444328
Diala_semistriata,protein_mg_cm2,44,-0.130383204165282,0.3989064775064659,sqrt,Diala semistriata,diala semistriata,Gastropoda,NA,NA,diala,italic(Diala semistriata),Negative,0.8613491303578161
Diala_semistriata,zoox_cells_cm2,44,0.03550667870029312,0.8190116469623852,sqrt,Diala semistriata,diala semistriata,Gastropoda,NA,NA,diala,italic(Diala semistriata),Positive,0.9262631721598403
Fennera_chacei,afdw_mg_cm2,44,0.21628979637458567,0.1584934266882992,sqrt,Fennera chacei,fennera chacei,Malacostraca,NA,NA,fennera,italic(Fennera chacei),Positive,0.7056641937021072
Fennera_chacei,carb_mg_cm2,44,0.3425265407099404,0.022846702625429163,sqrt,Fennera chacei,fennera chacei,Malacostraca,NA,NA,fennera,italic(Fennera chacei),Positive,0.36151808252358564
Fennera_chacei,growth_vol_b,44,0.16334695268747007,0.289388239884714,sqrt,Fennera chacei,fennera chacei,Malacostraca,NA,NA,fennera,italic(Fennera chacei),Positive,0.7917435370437834
Fennera_chacei,protein_mg_cm2,44,0.34530525320190414,0.021694625455245812,sqrt,Fennera chacei,fennera chacei,Malacostraca,NA,NA,fennera,italic(Fennera chacei),Positive,0.36151808252358564
Fennera_chacei,zoox_cells_cm2,44,0.15661852925074235,0.3099797335200454,sqrt,Fennera chacei,fennera chacei,Malacostraca,NA,NA,fennera,italic(Fennera chacei),Positive,0.8295232305466003
Galathea_mauritiana,afdw_mg_cm2,44,-0.08468555700650719,0.5846863629776988,sqrt,Galathea mauritiana,galathea mauritiana,Malacostraca,NA,NA,galathea,italic(Galathea mauritiana),Negative,0.9091931712193357
Galathea_mauritiana,carb_mg_cm2,44,-0.07544454785597669,0.6264494832219267,sqrt,Galathea mauritiana,galathea mauritiana,Malacostraca,NA,NA,galathea,italic(Galathea mauritiana),Negative,0.9091931712193357
Galathea_mauritiana,growth_vol_b,44,0.03043429593631913,0.8445226099080891,sqrt,Galathea mauritiana,galathea mauritiana,Malacostraca,NA,NA,galathea,italic(Galathea mauritiana),Positive,0.9329028830380054
Galathea_mauritiana,protein_mg_cm2,44,0.004905701312392906,0.9747877681102342,sqrt,Galathea mauritiana,galathea mauritiana,Malacostraca,NA,NA,galathea,italic(Galathea mauritiana),Positive,0.9834426628709246
Galathea_mauritiana,zoox_cells_cm2,44,-0.13826131287610777,0.37077178777270414,sqrt,Galathea mauritiana,galathea mauritiana,Malacostraca,NA,NA,galathea,italic(Galathea mauritiana),Negative,0.8613491303578161
Galeropsis_monodonta,afdw_mg_cm2,44,-0.07771328944668007,0.6160819575922822,sqrt,Galeropsis monodonta,galeropsis monodonta,Gastropoda,NA,NA,galeropsis,italic(Galeropsis monodonta),Negative,0.9091931712193357
Galeropsis_monodonta,carb_mg_cm2,44,-0.24643183481579725,0.10683924518845565,sqrt,Galeropsis monodonta,galeropsis monodonta,Gastropoda,NA,NA,galeropsis,italic(Galeropsis monodonta),Negative,0.6774923334293976
Galeropsis_monodonta,growth_vol_b,44,-0.06249204463004893,0.6869584344438029,sqrt,Galeropsis monodonta,galeropsis monodonta,Gastropoda,NA,NA,galeropsis,italic(Galeropsis monodonta),Negative,0.9262631721598403
Galeropsis_monodonta,protein_mg_cm2,44,-0.22753518187969676,0.13743536688019803,sqrt,Galeropsis monodonta,galeropsis monodonta,Gastropoda,NA,NA,galeropsis,italic(Galeropsis monodonta),Negative,0.6970104741008114
Galeropsis_monodonta,zoox_cells_cm2,44,0.21141891300769125,0.1683107760708661,sqrt,Galeropsis monodonta,galeropsis monodonta,Gastropoda,NA,NA,galeropsis,italic(Galeropsis monodonta),Positive,0.7056641937021072
Halichoeres_trimaculatus,afdw_mg_cm2,44,0.16511236040903063,0.28413608772988724,sqrt,Halichoeres trimaculatus,halichoeres trimaculatus,Teleostei,NA,NA,halichoeres,italic(Halichoeres trimaculatus),Positive,0.7917435370437834
Halichoeres_trimaculatus,carb_mg_cm2,44,0.13406889266386546,0.38559303747020046,sqrt,Halichoeres trimaculatus,halichoeres trimaculatus,Teleostei,NA,NA,halichoeres,italic(Halichoeres trimaculatus),Positive,0.8613491303578161
Halichoeres_trimaculatus,growth_vol_b,44,0.05322399850266662,0.7315023510954597,sqrt,Halichoeres trimaculatus,halichoeres trimaculatus,Teleostei,NA,NA,halichoeres,italic(Halichoeres trimaculatus),Positive,0.9262631721598403
Halichoeres_trimaculatus,protein_mg_cm2,44,0.0915342417694505,0.5545654418715085,sqrt,Halichoeres trimaculatus,halichoeres trimaculatus,Teleostei,NA,NA,halichoeres,italic(Halichoeres trimaculatus),Positive,0.9091931712193357
Halichoeres_trimaculatus,zoox_cells_cm2,44,0.23555830192991634,0.12373453260465271,sqrt,Halichoeres trimaculatus,halichoeres trimaculatus,Teleostei,NA,NA,halichoeres,italic(Halichoeres trimaculatus),Positive,0.691457682202471
Hargeria_rapax,afdw_mg_cm2,44,-0.03656720218233749,0.813700210126536,sqrt,Hargeria rapax,hargeria rapax,Malacostraca,NA,NA,hargeria,italic(Hargeria rapax),Negative,0.9262631721598403
Hargeria_rapax,carb_mg_cm2,44,-0.33742840746485103,0.02509368939250191,sqrt,Hargeria rapax,hargeria rapax,Malacostraca,NA,NA,hargeria,italic(Hargeria rapax),Negative,0.36151808252358564
Hargeria_rapax,growth_vol_b,44,0.0076905376428148976,0.9604846939192258,sqrt,Hargeria rapax,hargeria rapax,Malacostraca,NA,NA,hargeria,italic(Hargeria rapax),Positive,0.9834426628709246
Hargeria_rapax,protein_mg_cm2,44,-0.35110835660744527,0.019445132730964033,sqrt,Hargeria rapax,hargeria rapax,Malacostraca,NA,NA,hargeria,italic(Hargeria rapax),Negative,0.36151808252358564
Hargeria_rapax,zoox_cells_cm2,44,-0.06040167381432869,0.6969203522482714,sqrt,Hargeria rapax,hargeria rapax,Malacostraca,NA,NA,hargeria,italic(Hargeria rapax),Negative,0.9262631721598403
Harpiliopsis_beaupresii,afdw_mg_cm2,44,0.12856162641767255,0.40558361067966453,sqrt,Harpiliopsis beaupresii,harpiliopsis beaupresii,Malacostraca,NA,NA,harpiliopsis,italic(Harpiliopsis beaupresii),Positive,0.8613491303578161
Harpiliopsis_beaupresii,carb_mg_cm2,44,-0.03166345246854168,0.838325224801093,sqrt,Harpiliopsis beaupresii,harpiliopsis beaupresii,Malacostraca,NA,NA,harpiliopsis,italic(Harpiliopsis beaupresii),Negative,0.9329028830380054
Harpiliopsis_beaupresii,growth_vol_b,44,0.2303723393684905,0.13246727740568723,sqrt,Harpiliopsis beaupresii,harpiliopsis beaupresii,Malacostraca,NA,NA,harpiliopsis,italic(Harpiliopsis beaupresii),Positive,0.6970104741008114
Harpiliopsis_beaupresii,protein_mg_cm2,44,-0.07223883128905607,0.6412204470704789,sqrt,Harpiliopsis beaupresii,harpiliopsis beaupresii,Malacostraca,NA,NA,harpiliopsis,italic(Harpiliopsis beaupresii),Negative,0.9091931712193357
Harpiliopsis_beaupresii,zoox_cells_cm2,44,0.26157930552460806,0.08631304702953506,sqrt,Harpiliopsis beaupresii,harpiliopsis beaupresii,Malacostraca,NA,NA,harpiliopsis,italic(Harpiliopsis beaupresii),Positive,0.6277035606128682
Harpiliopsis_spinigera,afdw_mg_cm2,44,0.11607262746899165,0.45306498841362075,sqrt,Harpiliopsis spinigera,harpiliopsis spinigera,Malacostraca,NA,NA,harpiliopsis,italic(Harpiliopsis spinigera),Positive,0.8783913040672239
Harpiliopsis_spinigera,carb_mg_cm2,44,0.21134983080063552,0.1684531049363874,sqrt,Harpiliopsis spinigera,harpiliopsis spinigera,Malacostraca,NA,NA,harpiliopsis,italic(Harpiliopsis spinigera),Positive,0.7056641937021072
Harpiliopsis_spinigera,growth_vol_b,44,0.35433292689406154,0.018282380929673513,sqrt,Harpiliopsis spinigera,harpiliopsis spinigera,Malacostraca,NA,NA,harpiliopsis,italic(Harpiliopsis spinigera),Positive,0.36151808252358564
Harpiliopsis_spinigera,protein_mg_cm2,44,0.20558759637337756,0.18063343277123933,sqrt,Harpiliopsis spinigera,harpiliopsis spinigera,Malacostraca,NA,NA,harpiliopsis,italic(Harpiliopsis spinigera),Positive,0.7056641937021072
Harpiliopsis_spinigera,zoox_cells_cm2,44,0.07462913485161686,0.6301932843808609,sqrt,Harpiliopsis spinigera,harpiliopsis spinigera,Malacostraca,NA,NA,harpiliopsis,italic(Harpiliopsis spinigera),Positive,0.9091931712193357
Luniella_pugil,afdw_mg_cm2,44,-0.2419489483268896,0.1135774536995658,sqrt,Luniella pugil,luniella pugil,Malacostraca,NA,NA,luniella,italic(Luniella pugil),Negative,0.6774923334293976
Luniella_pugil,carb_mg_cm2,44,-0.3093455319057876,0.04102129705290325,sqrt,Luniella pugil,luniella pugil,Malacostraca,NA,NA,luniella,italic(Luniella pugil),Negative,0.4538363952729345
Luniella_pugil,growth_vol_b,44,-0.09635857827319821,0.5337969543599855,sqrt,Luniella pugil,luniella pugil,Malacostraca,NA,NA,luniella,italic(Luniella pugil),Negative,0.9091931712193357
Luniella_pugil,protein_mg_cm2,44,-0.3182854274721388,0.03524006680590934,sqrt,Luniella pugil,luniella pugil,Malacostraca,NA,NA,luniella,italic(Luniella pugil),Negative,0.44637417954151826
Luniella_pugil,zoox_cells_cm2,44,-0.18444327409298555,0.2307018276769523,sqrt,Luniella pugil,luniella pugil,Malacostraca,NA,NA,luniella,italic(Luniella pugil),Negative,0.7212542870076909
Macteola_interrupta,afdw_mg_cm2,44,-0.0814270060112367,0.599270233342156,sqrt,Macteola interrupta,macteola interrupta,Gastropoda,NA,NA,macteola,italic(Macteola interrupta),Negative,0.9091931712193357
Macteola_interrupta,carb_mg_cm2,44,-0.18406763587020725,0.23166952852240816,sqrt,Macteola interrupta,macteola interrupta,Gastropoda,NA,NA,macteola,italic(Macteola interrupta),Negative,0.7212542870076909
Macteola_interrupta,growth_vol_b,44,-0.1502169902412529,0.33041486617725424,sqrt,Macteola interrupta,macteola interrupta,Gastropoda,NA,NA,macteola,italic(Macteola interrupta),Negative,0.8370509943157107
Macteola_interrupta,protein_mg_cm2,44,-0.06709647944609612,0.6652013573376203,sqrt,Macteola interrupta,macteola interrupta,Gastropoda,NA,NA,macteola,italic(Macteola interrupta),Negative,0.9262631721598403
Macteola_interrupta,zoox_cells_cm2,44,-0.012559800340110866,0.9355079708340062,sqrt,Macteola interrupta,macteola interrupta,Gastropoda,NA,NA,macteola,italic(Macteola interrupta),Negative,0.9834426628709246
Menaethius_monoceros,afdw_mg_cm2,44,-0.30360816415625375,0.04512355977750572,sqrt,Menaethius monoceros,menaethius monoceros,Malacostraca,NA,NA,menaethius,italic(Menaethius monoceros),Negative,0.4538363952729345
Menaethius_monoceros,carb_mg_cm2,44,-0.30325894548292104,0.04538363952729345,sqrt,Menaethius monoceros,menaethius monoceros,Malacostraca,NA,NA,menaethius,italic(Menaethius monoceros),Negative,0.4538363952729345
Menaethius_monoceros,growth_vol_b,44,0.08101879354466394,0.6011083538786595,sqrt,Menaethius monoceros,menaethius monoceros,Malacostraca,NA,NA,menaethius,italic(Menaethius monoceros),Positive,0.9091931712193357
Menaethius_monoceros,protein_mg_cm2,44,-0.3038223769560666,0.04496462539904374,sqrt,Menaethius monoceros,menaethius monoceros,Malacostraca,NA,NA,menaethius,italic(Menaethius monoceros),Negative,0.4538363952729345
Menaethius_monoceros,zoox_cells_cm2,44,0.045362391972811056,0.7699898467317364,sqrt,Menaethius monoceros,menaethius monoceros,Malacostraca,NA,NA,menaethius,italic(Menaethius monoceros),Positive,0.9262631721598403
Mitrella_moleculina,afdw_mg_cm2,44,-0.18649235709583972,0.2254718375750972,sqrt,Mitrella moleculina,mitrella moleculina,Gastropoda,NA,NA,mitrella,italic(Mitrella moleculina),Negative,0.7212542870076909
Mitrella_moleculina,carb_mg_cm2,44,-0.14283488192420288,0.3549980316835861,sqrt,Mitrella moleculina,mitrella moleculina,Gastropoda,NA,NA,mitrella,italic(Mitrella moleculina),Negative,0.850067222643891
Mitrella_moleculina,growth_vol_b,44,-0.08758254909416964,0.5718559307191478,sqrt,Mitrella moleculina,mitrella moleculina,Gastropoda,NA,NA,mitrella,italic(Mitrella moleculina),Negative,0.9091931712193357
Mitrella_moleculina,protein_mg_cm2,44,-0.13582898759567372,0.3793286789268816,sqrt,Mitrella moleculina,mitrella moleculina,Gastropoda,NA,NA,mitrella,italic(Mitrella moleculina),Negative,0.8613491303578161
Mitrella_moleculina,zoox_cells_cm2,44,-0.1277293946659589,0.40865550671137685,sqrt,Mitrella moleculina,mitrella moleculina,Gastropoda,NA,NA,mitrella,italic(Mitrella moleculina),Negative,0.8613491303578161
Morula_zebrina,afdw_mg_cm2,44,0.03806177304120887,0.8062289745022966,sqrt,Morula zebrina,morula zebrina,Gastropoda,NA,NA,morula,italic(Morula zebrina),Positive,0.9262631721598403
Morula_zebrina,carb_mg_cm2,44,-0.07550443606869495,0.6261748826351905,sqrt,Morula zebrina,morula zebrina,Gastropoda,NA,NA,morula,italic(Morula zebrina),Negative,0.9091931712193357
Morula_zebrina,growth_vol_b,44,-0.17143695863855957,0.2658334447053033,sqrt,Morula zebrina,morula zebrina,Gastropoda,NA,NA,morula,italic(Morula zebrina),Negative,0.7538560372239944
Morula_zebrina,protein_mg_cm2,44,0.07717857208489566,0.6185189280864625,sqrt,Morula zebrina,morula zebrina,Gastropoda,NA,NA,morula,italic(Morula zebrina),Positive,0.9091931712193357
Morula_zebrina,zoox_cells_cm2,44,-0.07328357746754463,0.636391159248705,sqrt,Morula zebrina,morula zebrina,Gastropoda,NA,NA,morula,italic(Morula zebrina),Negative,0.9091931712193357
Paragobiodon_modestus,afdw_mg_cm2,44,-0.007026601635135503,0.9638937600640034,sqrt,Paragobiodon modestus,paragobiodon modestus,Actinopterygii,NA,NA,paragobiodon,italic(Paragobiodon modestus),Negative,0.9834426628709246
Paragobiodon_modestus,carb_mg_cm2,44,0.046677911901192866,0.7635085607390995,sqrt,Paragobiodon modestus,paragobiodon modestus,Actinopterygii,NA,NA,paragobiodon,italic(Paragobiodon modestus),Positive,0.9262631721598403
Paragobiodon_modestus,growth_vol_b,44,-0.0796067666432032,0.6074853337757253,sqrt,Paragobiodon modestus,paragobiodon modestus,Actinopterygii,NA,NA,paragobiodon,italic(Paragobiodon modestus),Negative,0.9091931712193357
Paragobiodon_modestus,protein_mg_cm2,44,0.049224062120264575,0.7510098516672302,sqrt,Paragobiodon modestus,paragobiodon modestus,Actinopterygii,NA,NA,paragobiodon,italic(Paragobiodon modestus),Positive,0.9262631721598403
Paragobiodon_modestus,zoox_cells_cm2,44,-0.059377920496491376,0.7018177353732957,sqrt,Paragobiodon modestus,paragobiodon modestus,Actinopterygii,NA,NA,paragobiodon,italic(Paragobiodon modestus),Negative,0.9262631721598403
Pascula_muricata,afdw_mg_cm2,44,-0.26211802152784874,0.08564409681618002,sqrt,Pascula muricata,pascula muricata,Gastropoda,NA,NA,pascula,italic(Pascula muricata),Negative,0.6277035606128682
Pascula_muricata,carb_mg_cm2,44,-0.1419776388330717,0.35792304111321727,sqrt,Pascula muricata,pascula muricata,Gastropoda,NA,NA,pascula,italic(Pascula muricata),Negative,0.850067222643891
Pascula_muricata,growth_vol_b,44,0.10923030417920618,0.4803066446786656,sqrt,Pascula muricata,pascula muricata,Gastropoda,NA,NA,pascula,italic(Pascula muricata),Positive,0.8953468203658107
Pascula_muricata,protein_mg_cm2,44,-0.09909399988467545,0.5221918767114972,sqrt,Pascula muricata,pascula muricata,Gastropoda,NA,NA,pascula,italic(Pascula muricata),Negative,0.9091931712193357
Pascula_muricata,zoox_cells_cm2,44,-0.1079235343173895,0.4856053824722515,sqrt,Pascula muricata,pascula muricata,Gastropoda,NA,NA,pascula,italic(Pascula muricata),Negative,0.8957769191235707
Periclimenes_watamuae,afdw_mg_cm2,44,0.19863504682338087,0.19615323964400225,sqrt,Periclimenes watamuae,periclimenes watamuae,Malacostraca,NA,NA,periclimenes,italic(Periclimenes watamuae),Positive,0.7212542870076909
Periclimenes_watamuae,carb_mg_cm2,44,0.39181759538974886,0.008531040703824773,sqrt,Periclimenes watamuae,periclimenes watamuae,Malacostraca,NA,NA,periclimenes,italic(Periclimenes watamuae),Positive,0.36151808252358564
Periclimenes_watamuae,growth_vol_b,44,0.05796929832694167,0.7085757568123474,sqrt,Periclimenes watamuae,periclimenes watamuae,Malacostraca,NA,NA,periclimenes,italic(Periclimenes watamuae),Positive,0.9262631721598403
Periclimenes_watamuae,protein_mg_cm2,44,0.179166731221936,0.2445498719017424,sqrt,Periclimenes watamuae,periclimenes watamuae,Malacostraca,NA,NA,periclimenes,italic(Periclimenes watamuae),Positive,0.7375313597036676
Periclimenes_watamuae,zoox_cells_cm2,44,0.17489039482293178,0.2561774736363867,sqrt,Periclimenes watamuae,periclimenes watamuae,Malacostraca,NA,NA,periclimenes,italic(Periclimenes watamuae),Positive,0.7488264613986688
Stomatolina_rubra,afdw_mg_cm2,44,0.09550509252768442,0.5374434036490374,sqrt,Stomatolina rubra,stomatolina rubra,Gastropoda,NA,NA,stomatolina,italic(Stomatolina rubra),Positive,0.9091931712193357
Stomatolina_rubra,carb_mg_cm2,44,-0.12561675918761123,0.4165132618659595,sqrt,Stomatolina rubra,stomatolina rubra,Gastropoda,NA,NA,stomatolina,italic(Stomatolina rubra),Negative,0.8613491303578161
Stomatolina_rubra,growth_vol_b,44,0.12425916058311043,0.42160773222777315,sqrt,Stomatolina rubra,stomatolina rubra,Gastropoda,NA,NA,stomatolina,italic(Stomatolina rubra),Positive,0.8613491303578161
Stomatolina_rubra,protein_mg_cm2,44,-0.0594637103330968,0.7014068761868502,sqrt,Stomatolina rubra,stomatolina rubra,Gastropoda,NA,NA,stomatolina,italic(Stomatolina rubra),Negative,0.9262631721598403
Stomatolina_rubra,zoox_cells_cm2,44,-0.017789157438641515,0.9087527675924452,sqrt,Stomatolina rubra,stomatolina rubra,Gastropoda,NA,NA,stomatolina,italic(Stomatolina rubra),Negative,0.9754973211444328
Strigatella_assimilis,afdw_mg_cm2,44,0.0937520332325559,0.5449708263645141,sqrt,Strigatella assimilis,strigatella assimilis,Gastropoda,NA,NA,strigatella,italic(Strigatella assimilis),Positive,0.9091931712193357
Strigatella_assimilis,carb_mg_cm2,44,-0.048136086853288046,0.7563430814364844,sqrt,Strigatella assimilis,strigatella assimilis,Gastropoda,NA,NA,strigatella,italic(Strigatella assimilis),Negative,0.9262631721598403
Strigatella_assimilis,growth_vol_b,44,-0.1754023824692543,0.2547661832109373,sqrt,Strigatella assimilis,strigatella assimilis,Gastropoda,NA,NA,strigatella,italic(Strigatella assimilis),Negative,0.7488264613986688
Strigatella_assimilis,protein_mg_cm2,44,-0.1095118764793123,0.4791689062989948,sqrt,Strigatella assimilis,strigatella assimilis,Gastropoda,NA,NA,strigatella,italic(Strigatella assimilis),Negative,0.8953468203658107
Strigatella_assimilis,zoox_cells_cm2,44,0.08744072440801577,0.5724810409899455,sqrt,Strigatella assimilis,strigatella assimilis,Gastropoda,NA,NA,strigatella,italic(Strigatella assimilis),Positive,0.9091931712193357
Synalpheus_charon,afdw_mg_cm2,44,0.17335454000186185,0.26044239830416877,sqrt,Synalpheus charon,synalpheus charon,Malacostraca,NA,NA,synalpheus,italic(Synalpheus charon),Positive,0.7497584193604858
Synalpheus_charon,carb_mg_cm2,44,0.013659527308272012,0.9298745660776053,sqrt,Synalpheus charon,synalpheus charon,Malacostraca,NA,NA,synalpheus,italic(Synalpheus charon),Positive,0.9834426628709246
Synalpheus_charon,growth_vol_b,44,-0.3341409276915564,0.026638174501737888,sqrt,Synalpheus charon,synalpheus charon,Malacostraca,NA,NA,synalpheus,italic(Synalpheus charon),Negative,0.36151808252358564
Synalpheus_charon,protein_mg_cm2,44,-0.06730300404182632,0.6642316537503898,sqrt,Synalpheus charon,synalpheus charon,Malacostraca,NA,NA,synalpheus,italic(Synalpheus charon),Negative,0.9262631721598403
Synalpheus_charon,zoox_cells_cm2,44,0.3465625118490581,0.021189595110414197,sqrt,Synalpheus charon,synalpheus charon,Malacostraca,NA,NA,synalpheus,italic(Synalpheus charon),Positive,0.36151808252358564
Trapezia_serenei,afdw_mg_cm2,44,0.07448092896887085,0.6308747289054786,sqrt,Trapezia serenei,trapezia serenei,Malacostraca,NA,NA,trapezia,italic(Trapezia serenei),Positive,0.9091931712193357
Trapezia_serenei,carb_mg_cm2,44,-0.07941846650648572,0.608337926719632,sqrt,Trapezia serenei,trapezia serenei,Malacostraca,NA,NA,trapezia,italic(Trapezia serenei),Negative,0.9091931712193357
Trapezia_serenei,growth_vol_b,44,-0.18500616295996275,0.22925692996794486,sqrt,Trapezia serenei,trapezia serenei,Malacostraca,NA,NA,trapezia,italic(Trapezia serenei),Negative,0.7212542870076909
Trapezia_serenei,protein_mg_cm2,44,-0.15245186874195943,0.3231872531726593,sqrt,Trapezia serenei,trapezia serenei,Malacostraca,NA,NA,trapezia,italic(Trapezia serenei),Negative,0.8364153019719142
Trapezia_serenei,zoox_cells_cm2,44,0.33677757559314414,0.02539337674030911,sqrt,Trapezia serenei,trapezia serenei,Malacostraca,NA,NA,trapezia,italic(Trapezia serenei),Positive,0.36151808252358564
Trapezia_tigrina,afdw_mg_cm2,44,-0.031399347388888645,0.8396560361918383,sqrt,Trapezia tigrina,trapezia tigrina,Malacostraca,NA,NA,trapezia,italic(Trapezia tigrina),Negative,0.9329028830380054
Trapezia_tigrina,carb_mg_cm2,44,-0.10486862734621082,0.4981105025243179,sqrt,Trapezia tigrina,trapezia tigrina,Malacostraca,NA,NA,trapezia,italic(Trapezia tigrina),Negative,0.9013428140916229
Trapezia_tigrina,growth_vol_b,44,0.10965884471724124,0.4785756210633444,sqrt,Trapezia tigrina,trapezia tigrina,Malacostraca,NA,NA,trapezia,italic(Trapezia tigrina),Positive,0.8953468203658107
Trapezia_tigrina,protein_mg_cm2,44,0.012068524088825808,0.9380255796192114,sqrt,Trapezia tigrina,trapezia tigrina,Malacostraca,NA,NA,trapezia,italic(Trapezia tigrina),Positive,0.9834426628709246
Trapezia_tigrina,zoox_cells_cm2,44,-0.27709632918882116,0.06861050757576859,sqrt,Trapezia tigrina,trapezia tigrina,Malacostraca,NA,NA,trapezia,italic(Trapezia tigrina),Negative,0.5667824538867839
Vexillum_interruptum,afdw_mg_cm2,44,0.14795963586498612,0.3378166605847819,sqrt,Vexillum interruptum,vexillum interruptum,Gastropoda,NA,NA,vexillum,italic(Vexillum interruptum),Positive,0.8445416514619547
Vexillum_interruptum,carb_mg_cm2,44,-0.061287404398742903,0.6926930268278686,sqrt,Vexillum interruptum,vexillum interruptum,Gastropoda,NA,NA,vexillum,italic(Vexillum interruptum),Negative,0.9262631721598403
Vexillum_interruptum,growth_vol_b,44,-0.08611244861552529,0.5783507074782741,sqrt,Vexillum interruptum,vexillum interruptum,Gastropoda,NA,NA,vexillum,italic(Vexillum interruptum),Negative,0.9091931712193357
Vexillum_interruptum,protein_mg_cm2,44,0.09113723147096746,0.5562913515187446,sqrt,Vexillum interruptum,vexillum interruptum,Gastropoda,NA,NA,vexillum,italic(Vexillum interruptum),Positive,0.9091931712193357
Vexillum_interruptum,zoox_cells_cm2,44,0.125359200213111,0.4174770674094509,sqrt,Vexillum interruptum,vexillum interruptum,Gastropoda,NA,NA,vexillum,italic(Vexillum interruptum),Positive,0.8613491303578161
Xanthias_lamarckii,afdw_mg_cm2,44,-0.07233291072340554,0.6407849656349188,sqrt,Xanthias lamarckii,xanthias lamarckii,Malacostraca,NA,NA,xanthias,italic(Xanthias lamarckii),Negative,0.9091931712193357
Xanthias_lamarckii,carb_mg_cm2,44,-0.22733720855870565,0.13778713155675162,sqrt,Xanthias lamarckii,xanthias lamarckii,Malacostraca,NA,NA,xanthias,italic(Xanthias lamarckii),Negative,0.6970104741008114
Xanthias_lamarckii,growth_vol_b,44,-0.2064573923656755,0.17875554431434887,sqrt,Xanthias lamarckii,xanthias lamarckii,Malacostraca,NA,NA,xanthias,italic(Xanthias lamarckii),Negative,0.7056641937021072
Xanthias_lamarckii,protein_mg_cm2,44,-0.18319460561054157,0.23392930595894,sqrt,Xanthias lamarckii,xanthias lamarckii,Malacostraca,NA,NA,xanthias,italic(Xanthias lamarckii),Negative,0.7212542870076909
Xanthias_lamarckii,zoox_cells_cm2,44,-0.0744037554402667,0.6312296894525962,sqrt,Xanthias lamarckii,xanthias lamarckii,Malacostraca,NA,NA,xanthias,italic(Xanthias lamarckii),Negative,0.9091931712193357
Zafra_hahajimana,afdw_mg_cm2,44,-0.009589460038928136,0.9507384773810239,sqrt,Zafra hahajimana,zafra hahajimana,Gastropoda,NA,NA,zafra,italic(Zafra hahajimana),Negative,0.9834426628709246
Zafra_hahajimana,carb_mg_cm2,44,-0.03137639224051623,0.8397717268857493,sqrt,Zafra hahajimana,zafra hahajimana,Gastropoda,NA,NA,zafra,italic(Zafra hahajimana),Negative,0.9329028830380054
Zafra_hahajimana,growth_vol_b,44,-0.039623902168892486,0.7984382067819826,sqrt,Zafra hahajimana,zafra hahajimana,Gastropoda,NA,NA,zafra,italic(Zafra hahajimana),Negative,0.9262631721598403
Zafra_hahajimana,protein_mg_cm2,44,0.04041591938527653,0.7944955257333987,sqrt,Zafra hahajimana,zafra hahajimana,Gastropoda,NA,NA,zafra,italic(Zafra hahajimana),Positive,0.9262631721598403
Zafra_hahajimana,zoox_cells_cm2,44,0.2567418194183852,0.09250368261663322,sqrt,Zafra hahajimana,zafra hahajimana,Gastropoda,NA,NA,zafra,italic(Zafra hahajimana),Positive,0.6277035606128682
