transform,species_clean,species_original,species_label,order,metric,n,r,p_value,p_BH,Effect,norm_name
raw,Alpheus_diadema,Alpheus diadema,italic(Alpheus diadema),Other,afdw_mg_cm2,44,-0.1855304915151425,0.2279166083228356,0.7674695299352391,Negative,alpheus diadema
raw,Alpheus_diadema,Alpheus diadema,italic(Alpheus diadema),Other,carb_mg_cm2,44,-0.2477358438188203,0.104937695015735,0.764026758442577,Negative,alpheus diadema
raw,Alpheus_diadema,Alpheus diadema,italic(Alpheus diadema),Other,growth_vol_b,44,-0.22257455905718146,0.1464524325641227,0.764026758442577,Negative,alpheus diadema
raw,Alpheus_diadema,Alpheus diadema,italic(Alpheus diadema),Other,protein_mg_cm2,44,-0.32686010735044163,0.030341770945250316,0.6605704082354257,Negative,alpheus diadema
raw,Alpheus_diadema,Alpheus diadema,italic(Alpheus diadema),Other,zoox_cells_cm2,44,-0.07360655764715197,0.634901195788142,0.8935646459240517,Negative,alpheus diadema
raw,Alpheus_lottini,Alpheus lottini,italic(Alpheus lottini),Other,afdw_mg_cm2,44,-0.16414080371303585,0.28701875858382897,0.8020910702812067,Negative,alpheus lottini
raw,Alpheus_lottini,Alpheus lottini,italic(Alpheus lottini),Other,carb_mg_cm2,44,-0.04573508926355933,0.7681520529440873,0.9477200653206272,Negative,alpheus lottini
raw,Alpheus_lottini,Alpheus lottini,italic(Alpheus lottini),Other,growth_vol_b,44,-0.11812821677543266,0.44504847998338504,0.8897294631367394,Negative,alpheus lottini
raw,Alpheus_lottini,Alpheus lottini,italic(Alpheus lottini),Other,protein_mg_cm2,44,-0.15317578270113985,0.3208675762595874,0.8020910702812067,Negative,alpheus lottini
raw,Alpheus_lottini,Alpheus lottini,italic(Alpheus lottini),Other,zoox_cells_cm2,44,-0.024294319811588718,0.8756120957760675,0.9768909486244352,Negative,alpheus lottini
raw,Apataxia_cerithiiformis,Apataxia cerithiiformis,italic(Apataxia cerithiiformis),Other,afdw_mg_cm2,44,-0.10597085452689708,0.4935796388187773,0.8897294631367394,Negative,apataxia cerithiiformis
raw,Apataxia_cerithiiformis,Apataxia cerithiiformis,italic(Apataxia cerithiiformis),Other,carb_mg_cm2,44,-0.20893471334989866,0.17348379458070728,0.764026758442577,Negative,apataxia cerithiiformis
raw,Apataxia_cerithiiformis,Apataxia cerithiiformis,italic(Apataxia cerithiiformis),Other,growth_vol_b,44,-0.05635007631851074,0.7163715325400785,0.9134939005544624,Negative,apataxia cerithiiformis
raw,Apataxia_cerithiiformis,Apataxia cerithiiformis,italic(Apataxia cerithiiformis),Other,protein_mg_cm2,44,-0.11119279909043862,0.47240646440733836,0.8897294631367394,Negative,apataxia cerithiiformis
raw,Apataxia_cerithiiformis,Apataxia cerithiiformis,italic(Apataxia cerithiiformis),Other,zoox_cells_cm2,44,-0.14280328718356108,0.35510557767040607,0.8020910702812067,Negative,apataxia cerithiiformis
raw,Athanas_djiboutensis,Athanas djiboutensis,italic(Athanas djiboutensis),Other,afdw_mg_cm2,44,0.3034421965236319,0.045247012370381944,0.6605704082354257,Positive,athanas djiboutensis
raw,Athanas_djiboutensis,Athanas djiboutensis,italic(Athanas djiboutensis),Other,carb_mg_cm2,44,-0.11411629197507381,0.4607668067075641,0.8897294631367394,Negative,athanas djiboutensis
raw,Athanas_djiboutensis,Athanas djiboutensis,italic(Athanas djiboutensis),Other,growth_vol_b,44,-0.037903603018621806,0.8070188597032422,0.9606558745629223,Negative,athanas djiboutensis
raw,Athanas_djiboutensis,Athanas djiboutensis,italic(Athanas djiboutensis),Other,protein_mg_cm2,44,0.047925278291208476,0.757377763808212,0.946722204760265,Positive,athanas djiboutensis
raw,Athanas_djiboutensis,Athanas djiboutensis,italic(Athanas djiboutensis),Other,zoox_cells_cm2,44,0.023559203871513057,0.8793477039189073,0.9768909486244352,Positive,athanas djiboutensis
raw,Calcinus_latens,Calcinus latens,italic(Calcinus latens),Other,afdw_mg_cm2,44,0.15885029702330294,0.3030488477309606,0.8020910702812067,Positive,calcinus latens
raw,Calcinus_latens,Calcinus latens,italic(Calcinus latens),Other,carb_mg_cm2,44,0.14895850993416043,0.33452881449411964,0.8020910702812067,Positive,calcinus latens
raw,Calcinus_latens,Calcinus latens,italic(Calcinus latens),Other,growth_vol_b,44,-0.16733131749475896,0.27762336230703105,0.8020910702812067,Negative,calcinus latens
raw,Calcinus_latens,Calcinus latens,italic(Calcinus latens),Other,protein_mg_cm2,44,0.08994338455999781,0.5614964787491428,0.8897294631367394,Positive,calcinus latens
raw,Calcinus_latens,Calcinus latens,italic(Calcinus latens),Other,zoox_cells_cm2,44,0.21788832399065547,0.15536449470160552,0.764026758442577,Positive,calcinus latens
raw,Caracanthus_maculatus,Caracanthus maculatus,italic(Caracanthus maculatus),Other,afdw_mg_cm2,44,0.40147014712248646,0.006911851219826894,0.43775057725570327,Positive,caracanthus maculatus
raw,Caracanthus_maculatus,Caracanthus maculatus,italic(Caracanthus maculatus),Other,carb_mg_cm2,44,0.35424998533246865,0.018311536767706804,0.6605704082354257,Positive,caracanthus maculatus
raw,Caracanthus_maculatus,Caracanthus maculatus,italic(Caracanthus maculatus),Other,growth_vol_b,44,0.24496980176121863,0.109002397777676,0.764026758442577,Positive,caracanthus maculatus
raw,Caracanthus_maculatus,Caracanthus maculatus,italic(Caracanthus maculatus),Other,protein_mg_cm2,44,0.49897146910649715,5.654941820241598e-4,0.10744389458459036,Positive,caracanthus maculatus
raw,Caracanthus_maculatus,Caracanthus maculatus,italic(Caracanthus maculatus),Other,zoox_cells_cm2,44,0.23452966090703992,0.12543130069106856,0.764026758442577,Positive,caracanthus maculatus
raw,Carinomitra_typha,Carinomitra typha,italic(Carinomitra typha),Other,afdw_mg_cm2,44,-0.08319430134283602,0.5913408434062222,0.8897294631367394,Negative,carinomitra typha
raw,Carinomitra_typha,Carinomitra typha,italic(Carinomitra typha),Other,carb_mg_cm2,44,-0.1480496669878297,0.33751950085149474,0.8020910702812067,Negative,carinomitra typha
raw,Carinomitra_typha,Carinomitra typha,italic(Carinomitra typha),Other,growth_vol_b,44,-0.006224906247021449,0.968011012176857,0.9805893799645959,Negative,carinomitra typha
raw,Carinomitra_typha,Carinomitra typha,italic(Carinomitra typha),Other,protein_mg_cm2,44,-0.08127860849105259,0.5999381615448743,0.8897294631367394,Negative,carinomitra typha
raw,Carinomitra_typha,Carinomitra typha,italic(Carinomitra typha),Other,zoox_cells_cm2,44,0.04157798320566367,0.7887199160371798,0.9484606585257226,Positive,carinomitra typha
raw,Cellana_taitensis,Cellana taitensis,italic(Cellana taitensis),Other,afdw_mg_cm2,44,0.08791693697437092,0.5703833130399765,0.8897294631367394,Positive,cellana taitensis
raw,Cellana_taitensis,Cellana taitensis,italic(Cellana taitensis),Other,carb_mg_cm2,44,-0.07625222953838921,0.6227503011810576,0.8935646459240517,Negative,cellana taitensis
raw,Cellana_taitensis,Cellana taitensis,italic(Cellana taitensis),Other,growth_vol_b,44,-0.013919036078697673,0.9285457033303794,0.9788438109037493,Negative,cellana taitensis
raw,Cellana_taitensis,Cellana taitensis,italic(Cellana taitensis),Other,protein_mg_cm2,44,-0.17344431709920669,0.2601918007103748,0.7973619699188904,Negative,cellana taitensis
raw,Cellana_taitensis,Cellana taitensis,italic(Cellana taitensis),Other,zoox_cells_cm2,44,0.029975859074720536,0.8468364379939451,0.9692706218002987,Positive,cellana taitensis
raw,Cerithium_zebrum,Cerithium zebrum,italic(Cerithium zebrum),Other,afdw_mg_cm2,44,0.1165677715071331,0.451126846585887,0.8897294631367394,Positive,cerithium zebrum
raw,Cerithium_zebrum,Cerithium zebrum,italic(Cerithium zebrum),Other,carb_mg_cm2,44,-0.19337227478443902,0.20851091639355465,0.7674695299352391,Negative,cerithium zebrum
raw,Cerithium_zebrum,Cerithium zebrum,italic(Cerithium zebrum),Other,growth_vol_b,44,-0.03650141580608281,0.8140294516033184,0.9606558745629223,Negative,cerithium zebrum
raw,Cerithium_zebrum,Cerithium zebrum,italic(Cerithium zebrum),Other,protein_mg_cm2,44,-0.11103300394291576,0.47304714166055983,0.8897294631367394,Negative,cerithium zebrum
raw,Cerithium_zebrum,Cerithium zebrum,italic(Cerithium zebrum),Other,zoox_cells_cm2,44,-0.03691099034332475,0.8119801687112185,0.9606558745629223,Negative,cerithium zebrum
raw,Chlorodiella_barbata,Chlorodiella barbata,italic(Chlorodiella barbata),Other,afdw_mg_cm2,44,0.009080702405299658,0.9533490372802945,0.9805893799645959,Positive,chlorodiella barbata
raw,Chlorodiella_barbata,Chlorodiella barbata,italic(Chlorodiella barbata),Other,carb_mg_cm2,44,-0.01853505511283123,0.9049439243313053,0.9769281001303864,Negative,chlorodiella barbata
raw,Chlorodiella_barbata,Chlorodiella barbata,italic(Chlorodiella barbata),Other,growth_vol_b,44,0.03009194269736765,0.846250418188607,0.9692706218002987,Positive,chlorodiella barbata
raw,Chlorodiella_barbata,Chlorodiella barbata,italic(Chlorodiella barbata),Other,protein_mg_cm2,44,-0.06240089241609098,0.687391755414331,0.9053807017178195,Negative,chlorodiella barbata
raw,Chlorodiella_barbata,Chlorodiella barbata,italic(Chlorodiella barbata),Other,zoox_cells_cm2,44,0.06296887967548327,0.6846932658883924,0.9053807017178195,Positive,chlorodiella barbata
raw,Coralliogalathea_humilis,Coralliogalathea humilis,italic(Coralliogalathea humilis),Other,afdw_mg_cm2,44,-0.07932479132857768,0.6087622642514533,0.8897294631367394,Negative,coralliogalathea humilis
raw,Coralliogalathea_humilis,Coralliogalathea humilis,italic(Coralliogalathea humilis),Other,carb_mg_cm2,44,-0.18357938609164434,0.23293148041930364,0.7674695299352391,Negative,coralliogalathea humilis
raw,Coralliogalathea_humilis,Coralliogalathea humilis,italic(Coralliogalathea humilis),Other,growth_vol_b,44,0.06892894587488034,0.6566163218749843,0.9002668247807769,Positive,coralliogalathea humilis
raw,Coralliogalathea_humilis,Coralliogalathea humilis,italic(Coralliogalathea humilis),Other,protein_mg_cm2,44,-0.1662034142000032,0.2809214538362721,0.8020910702812067,Negative,coralliogalathea humilis
raw,Coralliogalathea_humilis,Coralliogalathea humilis,italic(Coralliogalathea humilis),Other,zoox_cells_cm2,44,-0.034028273548841276,0.8264292939797385,0.969268925037965,Negative,coralliogalathea humilis
raw,Dascyllus_aruanus,Dascyllus aruanus,italic(Dascyllus aruanus),Other,afdw_mg_cm2,44,0.13578490315012645,0.37948483938723165,0.8193422668587956,Positive,dascyllus aruanus
raw,Dascyllus_aruanus,Dascyllus aruanus,italic(Dascyllus aruanus),Other,carb_mg_cm2,44,0.22971741886557367,0.1336020169784272,0.764026758442577,Positive,dascyllus aruanus
raw,Dascyllus_aruanus,Dascyllus aruanus,italic(Dascyllus aruanus),Other,growth_vol_b,44,0.464818962771574,0.001478620874451249,0.14046898307286865,Positive,dascyllus aruanus
raw,Dascyllus_aruanus,Dascyllus aruanus,italic(Dascyllus aruanus),Other,protein_mg_cm2,44,0.28663935178736427,0.059239602006087085,0.6605704082354257,Positive,dascyllus aruanus
raw,Dascyllus_aruanus,Dascyllus aruanus,italic(Dascyllus aruanus),Other,zoox_cells_cm2,44,0.007091698392429887,0.96355948315762,0.9805893799645959,Positive,dascyllus aruanus
raw,Dascyllus_flavicaudus,Dascyllus flavicaudus,italic(Dascyllus flavicaudus),Other,afdw_mg_cm2,44,0.164531559507897,0.28585708224342565,0.8020910702812067,Positive,dascyllus flavicaudus
raw,Dascyllus_flavicaudus,Dascyllus flavicaudus,italic(Dascyllus flavicaudus),Other,carb_mg_cm2,44,0.08153393850956168,0.5987891380698264,0.8897294631367394,Positive,dascyllus flavicaudus
raw,Dascyllus_flavicaudus,Dascyllus flavicaudus,italic(Dascyllus flavicaudus),Other,growth_vol_b,44,0.18305957134584647,0.23428017229602036,0.7674695299352391,Positive,dascyllus flavicaudus
raw,Dascyllus_flavicaudus,Dascyllus flavicaudus,italic(Dascyllus flavicaudus),Other,protein_mg_cm2,44,0.2121006758378948,0.1669108152040785,0.764026758442577,Positive,dascyllus flavicaudus
raw,Dascyllus_flavicaudus,Dascyllus flavicaudus,italic(Dascyllus flavicaudus),Other,zoox_cells_cm2,44,3.3517013386773046e-4,0.9982771603740266,0.9982771603740266,Positive,dascyllus flavicaudus
raw,Diala_albugo,Diala albugo,italic(Diala albugo),Other,afdw_mg_cm2,44,0.10953319143767316,0.4790828375340136,0.8897294631367394,Positive,diala albugo
raw,Diala_albugo,Diala albugo,italic(Diala albugo),Other,carb_mg_cm2,44,-0.19168086869548673,0.21259556630369525,0.7674695299352391,Negative,diala albugo
raw,Diala_albugo,Diala albugo,italic(Diala albugo),Other,growth_vol_b,44,-0.2009674038982219,0.19084536147019637,0.7674695299352391,Negative,diala albugo
raw,Diala_albugo,Diala albugo,italic(Diala albugo),Other,protein_mg_cm2,44,-0.24995128823823137,0.10176655746133778,0.764026758442577,Negative,diala albugo
raw,Diala_albugo,Diala albugo,italic(Diala albugo),Other,zoox_cells_cm2,44,0.07996875509329991,0.6058477534138833,0.8897294631367394,Positive,diala albugo
raw,Diala_semistriata,Diala semistriata,italic(Diala semistriata),Other,afdw_mg_cm2,44,-0.06593183879489391,0.6706798136135119,0.9037529403302642,Negative,diala semistriata
raw,Diala_semistriata,Diala semistriata,italic(Diala semistriata),Other,carb_mg_cm2,44,-0.15608282439438786,0.3116582896368171,0.8020910702812067,Negative,diala semistriata
raw,Diala_semistriata,Diala semistriata,italic(Diala semistriata),Other,growth_vol_b,44,0.02482245255540921,0.8729299486522191,0.9768909486244352,Positive,diala semistriata
raw,Diala_semistriata,Diala semistriata,italic(Diala semistriata),Other,protein_mg_cm2,44,-0.1769181607940814,0.2506185468857983,0.7877518325587761,Negative,diala semistriata
raw,Diala_semistriata,Diala semistriata,italic(Diala semistriata),Other,zoox_cells_cm2,44,0.0048631289720188625,0.9750064939853618,0.9805893799645959,Positive,diala semistriata
raw,Fennera_chacei,Fennera chacei,italic(Fennera chacei),Other,afdw_mg_cm2,44,0.22262866386388339,0.14635178860442105,0.764026758442577,Positive,fennera chacei
raw,Fennera_chacei,Fennera chacei,italic(Fennera chacei),Other,carb_mg_cm2,44,0.3347907257791374,0.02632677641863177,0.6605704082354257,Positive,fennera chacei
raw,Fennera_chacei,Fennera chacei,italic(Fennera chacei),Other,growth_vol_b,44,0.16053876613359708,0.29787171911412896,0.8020910702812067,Positive,fennera chacei
raw,Fennera_chacei,Fennera chacei,italic(Fennera chacei),Other,protein_mg_cm2,44,0.3620728443024214,0.015728546111250477,0.6605704082354257,Positive,fennera chacei
raw,Fennera_chacei,Fennera chacei,italic(Fennera chacei),Other,zoox_cells_cm2,44,0.15616624217273767,0.3113965327902856,0.8020910702812067,Positive,fennera chacei
raw,Galathea_mauritiana,Galathea mauritiana,italic(Galathea mauritiana),Other,afdw_mg_cm2,44,-0.06850123943120369,0.6586162560238316,0.9002668247807769,Negative,galathea mauritiana
raw,Galathea_mauritiana,Galathea mauritiana,italic(Galathea mauritiana),Other,carb_mg_cm2,44,-0.0418291286292844,0.7874731482973106,0.9484606585257226,Negative,galathea mauritiana
raw,Galathea_mauritiana,Galathea mauritiana,italic(Galathea mauritiana),Other,growth_vol_b,44,-0.013009551218167903,0.9332037084397105,0.9788438109037493,Negative,galathea mauritiana
raw,Galathea_mauritiana,Galathea mauritiana,italic(Galathea mauritiana),Other,protein_mg_cm2,44,0.01586973453739339,0.9185631840286397,0.9788438109037493,Positive,galathea mauritiana
raw,Galathea_mauritiana,Galathea mauritiana,italic(Galathea mauritiana),Other,zoox_cells_cm2,44,-0.11013804519568128,0.47664386149884874,0.8897294631367394,Negative,galathea mauritiana
raw,Galeropsis_monodonta,Galeropsis monodonta,italic(Galeropsis monodonta),Other,afdw_mg_cm2,44,0.007002645745076649,0.9640167769632983,0.9805893799645959,Positive,galeropsis monodonta
raw,Galeropsis_monodonta,Galeropsis monodonta,italic(Galeropsis monodonta),Other,carb_mg_cm2,44,-0.1881822767729806,0.22122040349205724,0.7674695299352391,Negative,galeropsis monodonta
raw,Galeropsis_monodonta,Galeropsis monodonta,italic(Galeropsis monodonta),Other,growth_vol_b,44,-0.07133006676486978,0.6454331087071139,0.8951262091558514,Negative,galeropsis monodonta
raw,Galeropsis_monodonta,Galeropsis monodonta,italic(Galeropsis monodonta),Other,protein_mg_cm2,44,-0.20882471642616998,0.1737154660865542,0.764026758442577,Negative,galeropsis monodonta
raw,Galeropsis_monodonta,Galeropsis monodonta,italic(Galeropsis monodonta),Other,zoox_cells_cm2,44,0.2724842175557817,0.07354181341035561,0.735418134103556,Positive,galeropsis monodonta
raw,Halichoeres_trimaculatus,Halichoeres trimaculatus,italic(Halichoeres trimaculatus),Other,afdw_mg_cm2,44,0.08460330995859859,0.5850525007657696,0.8897294631367394,Positive,halichoeres trimaculatus
raw,Halichoeres_trimaculatus,Halichoeres trimaculatus,italic(Halichoeres trimaculatus),Other,carb_mg_cm2,44,0.08614503433866053,0.5782063850822605,0.8897294631367394,Positive,halichoeres trimaculatus
raw,Halichoeres_trimaculatus,Halichoeres trimaculatus,italic(Halichoeres trimaculatus),Other,growth_vol_b,44,0.04658098784163972,0.7639855461700064,0.9477200653206272,Positive,halichoeres trimaculatus
raw,Halichoeres_trimaculatus,Halichoeres trimaculatus,italic(Halichoeres trimaculatus),Other,protein_mg_cm2,44,0.05123044607069617,0.7412047744233206,0.9373501055927501,Positive,halichoeres trimaculatus
raw,Halichoeres_trimaculatus,Halichoeres trimaculatus,italic(Halichoeres trimaculatus),Other,zoox_cells_cm2,44,0.15947322995355165,0.3011321609709722,0.8020910702812067,Positive,halichoeres trimaculatus
raw,Hargeria_rapax,Hargeria rapax,italic(Hargeria rapax),Other,afdw_mg_cm2,44,0.014773247866861794,0.9241729290658203,0.9788438109037493,Positive,hargeria rapax
raw,Hargeria_rapax,Hargeria rapax,italic(Hargeria rapax),Other,carb_mg_cm2,44,-0.22478247636880158,0.1423866402817187,0.764026758442577,Negative,hargeria rapax
raw,Hargeria_rapax,Hargeria rapax,italic(Hargeria rapax),Other,growth_vol_b,44,0.14168116248017934,0.358938043281238,0.8020910702812067,Positive,hargeria rapax
raw,Hargeria_rapax,Hargeria rapax,italic(Hargeria rapax),Other,protein_mg_cm2,44,-0.21279436932704965,0.16549503178253444,0.764026758442577,Negative,hargeria rapax
raw,Hargeria_rapax,Hargeria rapax,italic(Hargeria rapax),Other,zoox_cells_cm2,44,-0.07427783207374895,0.6318090514571775,0.8935646459240517,Negative,hargeria rapax
raw,Harpiliopsis_beaupresii,Harpiliopsis beaupresii,italic(Harpiliopsis beaupresii),Other,afdw_mg_cm2,44,0.11435838731178334,0.4598099039619119,0.8897294631367394,Positive,harpiliopsis beaupresii
raw,Harpiliopsis_beaupresii,Harpiliopsis beaupresii,italic(Harpiliopsis beaupresii),Other,carb_mg_cm2,44,-0.04314411314526931,0.780953770400811,0.9484606585257226,Negative,harpiliopsis beaupresii
raw,Harpiliopsis_beaupresii,Harpiliopsis beaupresii,italic(Harpiliopsis beaupresii),Other,growth_vol_b,44,0.2384989633320884,0.11897906640549295,0.764026758442577,Positive,harpiliopsis beaupresii
raw,Harpiliopsis_beaupresii,Harpiliopsis beaupresii,italic(Harpiliopsis beaupresii),Other,protein_mg_cm2,44,-0.08705207694183079,0.5741956546663791,0.8897294631367394,Negative,harpiliopsis beaupresii
raw,Harpiliopsis_beaupresii,Harpiliopsis beaupresii,italic(Harpiliopsis beaupresii),Other,zoox_cells_cm2,44,0.2513783544476886,0.09976315806119507,0.764026758442577,Positive,harpiliopsis beaupresii
raw,Harpiliopsis_spinigera,Harpiliopsis spinigera,italic(Harpiliopsis spinigera),Other,afdw_mg_cm2,44,0.08218166476394949,0.5958785970195168,0.8897294631367394,Positive,harpiliopsis spinigera
raw,Harpiliopsis_spinigera,Harpiliopsis spinigera,italic(Harpiliopsis spinigera),Other,carb_mg_cm2,44,0.19938991674462933,0.19442405534931695,0.7674695299352391,Positive,harpiliopsis spinigera
raw,Harpiliopsis_spinigera,Harpiliopsis spinigera,italic(Harpiliopsis spinigera),Other,growth_vol_b,44,0.3243226131225705,0.031728715208871994,0.6605704082354257,Positive,harpiliopsis spinigera
raw,Harpiliopsis_spinigera,Harpiliopsis spinigera,italic(Harpiliopsis spinigera),Other,protein_mg_cm2,44,0.18819428912296504,0.2211903828860542,0.7674695299352391,Positive,harpiliopsis spinigera
raw,Harpiliopsis_spinigera,Harpiliopsis spinigera,italic(Harpiliopsis spinigera),Other,zoox_cells_cm2,44,0.057169515122400046,0.7124227094183532,0.9134939005544624,Positive,harpiliopsis spinigera
raw,Luniella_pugil,Luniella pugil,italic(Luniella pugil),Other,afdw_mg_cm2,44,-0.23462097796289974,0.1252799679775562,0.764026758442577,Negative,luniella pugil
raw,Luniella_pugil,Luniella pugil,italic(Luniella pugil),Other,carb_mg_cm2,44,-0.2628050081147262,0.08479689772064761,0.764026758442577,Negative,luniella pugil
raw,Luniella_pugil,Luniella pugil,italic(Luniella pugil),Other,growth_vol_b,44,-0.15667922379154495,0.30978991925066884,0.8020910702812067,Negative,luniella pugil
raw,Luniella_pugil,Luniella pugil,italic(Luniella pugil),Other,protein_mg_cm2,44,-0.28760339064118384,0.058352899154735474,0.6605704082354257,Negative,luniella pugil
raw,Luniella_pugil,Luniella pugil,italic(Luniella pugil),Other,zoox_cells_cm2,44,-0.14173182062407003,0.35876448909177094,0.8020910702812067,Negative,luniella pugil
raw,Macteola_interrupta,Macteola interrupta,italic(Macteola interrupta),Other,afdw_mg_cm2,44,-0.1321910923120326,0.39234302090058315,0.8375862243945034,Negative,macteola interrupta
raw,Macteola_interrupta,Macteola interrupta,italic(Macteola interrupta),Other,carb_mg_cm2,44,-0.214479527341173,0.16209204675602712,0.764026758442577,Negative,macteola interrupta
raw,Macteola_interrupta,Macteola interrupta,italic(Macteola interrupta),Other,growth_vol_b,44,-0.1806328979373647,0.24064681829952936,0.7749643301171284,Negative,macteola interrupta
raw,Macteola_interrupta,Macteola interrupta,italic(Macteola interrupta),Other,protein_mg_cm2,44,-0.12181803535246584,0.4308562330872928,0.8897294631367394,Negative,macteola interrupta
raw,Macteola_interrupta,Macteola interrupta,italic(Macteola interrupta),Other,zoox_cells_cm2,44,-0.03143136700696953,0.8394946674326133,0.9692706218002987,Negative,macteola interrupta
raw,Menaethius_monoceros,Menaethius monoceros,italic(Menaethius monoceros),Other,afdw_mg_cm2,44,-0.22773645878388057,0.13707841690035028,0.764026758442577,Negative,menaethius monoceros
raw,Menaethius_monoceros,Menaethius monoceros,italic(Menaethius monoceros),Other,carb_mg_cm2,44,-0.2582381607627275,0.09055316230137307,0.764026758442577,Negative,menaethius monoceros
raw,Menaethius_monoceros,Menaethius monoceros,italic(Menaethius monoceros),Other,growth_vol_b,44,0.09360830458063951,0.5455902098349144,0.8897294631367394,Positive,menaethius monoceros
raw,Menaethius_monoceros,Menaethius monoceros,italic(Menaethius monoceros),Other,protein_mg_cm2,44,-0.28310771058032663,0.06258035446440875,0.6605704082354257,Negative,menaethius monoceros
raw,Menaethius_monoceros,Menaethius monoceros,italic(Menaethius monoceros),Other,zoox_cells_cm2,44,0.10110400188740072,0.513744835330318,0.8897294631367394,Positive,menaethius monoceros
raw,Mitrella_moleculina,Mitrella moleculina,italic(Mitrella moleculina),Other,afdw_mg_cm2,44,-0.2241757539560027,0.14349547748575292,0.764026758442577,Negative,mitrella moleculina
raw,Mitrella_moleculina,Mitrella moleculina,italic(Mitrella moleculina),Other,carb_mg_cm2,44,-0.19341617839875166,0.20840562683286304,0.7674695299352391,Negative,mitrella moleculina
raw,Mitrella_moleculina,Mitrella moleculina,italic(Mitrella moleculina),Other,growth_vol_b,44,-0.08855580086314055,0.5675746605224031,0.8897294631367394,Negative,mitrella moleculina
raw,Mitrella_moleculina,Mitrella moleculina,italic(Mitrella moleculina),Other,protein_mg_cm2,44,-0.17607874472906196,0.2529097988741334,0.7877518325587761,Negative,mitrella moleculina
raw,Mitrella_moleculina,Mitrella moleculina,italic(Mitrella moleculina),Other,zoox_cells_cm2,44,-0.19209104129848478,0.21159994607775195,0.7674695299352391,Negative,mitrella moleculina
raw,Morula_zebrina,Morula zebrina,italic(Morula zebrina),Other,afdw_mg_cm2,44,0.0071887876676305,0.9630609336724627,0.9805893799645959,Positive,morula zebrina
raw,Morula_zebrina,Morula zebrina,italic(Morula zebrina),Other,carb_mg_cm2,44,-0.09304030170380731,0.5480412463327753,0.8897294631367394,Negative,morula zebrina
raw,Morula_zebrina,Morula zebrina,italic(Morula zebrina),Other,growth_vol_b,44,-0.20543990007501714,0.1809537059469261,0.764026758442577,Negative,morula zebrina
raw,Morula_zebrina,Morula zebrina,italic(Morula zebrina),Other,protein_mg_cm2,44,0.059730498049644705,0.7001297316201016,0.9053807017178195,Positive,morula zebrina
raw,Morula_zebrina,Morula zebrina,italic(Morula zebrina),Other,zoox_cells_cm2,44,-0.09788859147616337,0.5272903987414757,0.8897294631367394,Negative,morula zebrina
raw,Paragobiodon_modestus,Paragobiodon modestus,italic(Paragobiodon modestus),Other,afdw_mg_cm2,44,0.004781014337919822,0.9754283832279401,0.9805893799645959,Positive,paragobiodon modestus
raw,Paragobiodon_modestus,Paragobiodon modestus,italic(Paragobiodon modestus),Other,carb_mg_cm2,44,0.02017656906790742,0.8965692531494964,0.9769281001303864,Positive,paragobiodon modestus
raw,Paragobiodon_modestus,Paragobiodon modestus,italic(Paragobiodon modestus),Other,growth_vol_b,44,-0.15320246630331083,0.3207822733939465,0.8020910702812067,Negative,paragobiodon modestus
raw,Paragobiodon_modestus,Paragobiodon modestus,italic(Paragobiodon modestus),Other,protein_mg_cm2,44,0.031067996968370412,0.8413263179025766,0.9692706218002987,Positive,paragobiodon modestus
raw,Paragobiodon_modestus,Paragobiodon modestus,italic(Paragobiodon modestus),Other,zoox_cells_cm2,44,-0.09541135909500831,0.5378446059083659,0.8897294631367394,Negative,paragobiodon modestus
raw,Pascula_muricata,Pascula muricata,italic(Pascula muricata),Other,afdw_mg_cm2,44,-0.22770678315714404,0.13713100111286902,0.764026758442577,Negative,pascula muricata
raw,Pascula_muricata,Pascula muricata,italic(Pascula muricata),Other,carb_mg_cm2,44,-0.09705435544070366,0.5308332429071061,0.8897294631367394,Negative,pascula muricata
raw,Pascula_muricata,Pascula muricata,italic(Pascula muricata),Other,growth_vol_b,44,0.14241068684116157,0.35644361067000563,0.8020910702812067,Positive,pascula muricata
raw,Pascula_muricata,Pascula muricata,italic(Pascula muricata),Other,protein_mg_cm2,44,-0.07362545504662849,0.6348140628590876,0.8935646459240517,Negative,pascula muricata
raw,Pascula_muricata,Pascula muricata,italic(Pascula muricata),Other,zoox_cells_cm2,44,-0.14675243190414178,0.3418168346206806,0.8020910702812067,Negative,pascula muricata
raw,Periclimenes_watamuae,Periclimenes watamuae,italic(Periclimenes watamuae),Other,afdw_mg_cm2,44,0.10148663224907896,0.5121446319911511,0.8897294631367394,Positive,periclimenes watamuae
raw,Periclimenes_watamuae,Periclimenes watamuae,italic(Periclimenes watamuae),Other,carb_mg_cm2,44,0.32521321156857047,0.03123608449790892,0.6605704082354257,Positive,periclimenes watamuae
raw,Periclimenes_watamuae,Periclimenes watamuae,italic(Periclimenes watamuae),Other,growth_vol_b,44,0.05046379597693197,0.7449466628658172,0.9373501055927501,Positive,periclimenes watamuae
raw,Periclimenes_watamuae,Periclimenes watamuae,italic(Periclimenes watamuae),Other,protein_mg_cm2,44,0.10693438011672571,0.4896364199406139,0.8897294631367394,Positive,periclimenes watamuae
raw,Periclimenes_watamuae,Periclimenes watamuae,italic(Periclimenes watamuae),Other,zoox_cells_cm2,44,0.06604429277528633,0.6701500891263859,0.9037529403302642,Positive,periclimenes watamuae
raw,Stomatolina_rubra,Stomatolina rubra,italic(Stomatolina rubra),Other,afdw_mg_cm2,44,0.09468984231842964,0.5409377184839281,0.8897294631367394,Positive,stomatolina rubra
raw,Stomatolina_rubra,Stomatolina rubra,italic(Stomatolina rubra),Other,carb_mg_cm2,44,-0.14239905124765245,0.35648331294988655,0.8020910702812067,Negative,stomatolina rubra
raw,Stomatolina_rubra,Stomatolina rubra,italic(Stomatolina rubra),Other,growth_vol_b,44,0.11450805812404366,0.45921885387212147,0.8897294631367394,Positive,stomatolina rubra
raw,Stomatolina_rubra,Stomatolina rubra,italic(Stomatolina rubra),Other,protein_mg_cm2,44,-0.08755958537070616,0.5719571250178511,0.8897294631367394,Negative,stomatolina rubra
raw,Stomatolina_rubra,Stomatolina rubra,italic(Stomatolina rubra),Other,zoox_cells_cm2,44,-0.059657572603658136,0.7004787534343129,0.9053807017178195,Negative,stomatolina rubra
raw,Strigatella_assimilis,Strigatella assimilis,italic(Strigatella assimilis),Other,afdw_mg_cm2,44,0.08589010790614189,0.5793358914135395,0.8897294631367394,Positive,strigatella assimilis
raw,Strigatella_assimilis,Strigatella assimilis,italic(Strigatella assimilis),Other,carb_mg_cm2,44,-0.0964237016867067,0.5335192152898552,0.8897294631367394,Negative,strigatella assimilis
raw,Strigatella_assimilis,Strigatella assimilis,italic(Strigatella assimilis),Other,growth_vol_b,44,-0.21528465652210924,0.1604842686088668,0.764026758442577,Negative,strigatella assimilis
raw,Strigatella_assimilis,Strigatella assimilis,italic(Strigatella assimilis),Other,protein_mg_cm2,44,-0.1392942285249939,0.3671732276578057,0.8020910702812067,Negative,strigatella assimilis
raw,Strigatella_assimilis,Strigatella assimilis,italic(Strigatella assimilis),Other,zoox_cells_cm2,44,0.0278887189455505,0.8573864902636941,0.9754696595814484,Positive,strigatella assimilis
raw,Synalpheus_charon,Synalpheus charon,italic(Synalpheus charon),Other,afdw_mg_cm2,44,0.13964067934596297,0.36597094675814057,0.8020910702812067,Positive,synalpheus charon
raw,Synalpheus_charon,Synalpheus charon,italic(Synalpheus charon),Other,carb_mg_cm2,44,-0.012145837920915573,0.9376293346551703,0.9788438109037493,Negative,synalpheus charon
raw,Synalpheus_charon,Synalpheus charon,italic(Synalpheus charon),Other,growth_vol_b,44,-0.2922218182316953,0.05425125740567728,0.6605704082354257,Negative,synalpheus charon
raw,Synalpheus_charon,Synalpheus charon,italic(Synalpheus charon),Other,protein_mg_cm2,44,-0.04318197121820094,0.7807662964019406,0.9484606585257226,Negative,synalpheus charon
raw,Synalpheus_charon,Synalpheus charon,italic(Synalpheus charon),Other,zoox_cells_cm2,44,0.30465104062566417,0.04435407944201285,0.6605704082354257,Positive,synalpheus charon
raw,Trapezia_serenei,Trapezia serenei,italic(Trapezia serenei),Other,afdw_mg_cm2,44,0.0642494777120945,0.6786234407623462,0.9053807017178195,Positive,trapezia serenei
raw,Trapezia_serenei,Trapezia serenei,italic(Trapezia serenei),Other,carb_mg_cm2,44,-0.09053472764806324,0.5589154092205834,0.8897294631367394,Negative,trapezia serenei
raw,Trapezia_serenei,Trapezia serenei,italic(Trapezia serenei),Other,growth_vol_b,44,-0.19096144936443868,0.21434969255006728,0.7674695299352391,Negative,trapezia serenei
raw,Trapezia_serenei,Trapezia serenei,italic(Trapezia serenei),Other,protein_mg_cm2,44,-0.1589586193259679,0.3027149933808112,0.8020910702812067,Negative,trapezia serenei
raw,Trapezia_serenei,Trapezia serenei,italic(Trapezia serenei),Other,zoox_cells_cm2,44,0.2908115588498515,0.055478345616292966,0.6605704082354257,Positive,trapezia serenei
raw,Trapezia_tigrina,Trapezia tigrina,italic(Trapezia tigrina),Other,afdw_mg_cm2,44,-0.02156685892756239,0.889484916379091,0.9768909486244352,Negative,trapezia tigrina
raw,Trapezia_tigrina,Trapezia tigrina,italic(Trapezia tigrina),Other,carb_mg_cm2,44,-0.09767486079909282,0.5281969639176444,0.8897294631367394,Negative,trapezia tigrina
raw,Trapezia_tigrina,Trapezia tigrina,italic(Trapezia tigrina),Other,growth_vol_b,44,0.13926542818206156,0.3672732795498157,0.8020910702812067,Positive,trapezia tigrina
raw,Trapezia_tigrina,Trapezia tigrina,italic(Trapezia tigrina),Other,protein_mg_cm2,44,0.018536039811430233,0.9049388974516186,0.9769281001303864,Positive,trapezia tigrina
raw,Trapezia_tigrina,Trapezia tigrina,italic(Trapezia tigrina),Other,zoox_cells_cm2,44,-0.2860799271036592,0.05975906936722656,0.6605704082354257,Negative,trapezia tigrina
raw,Vexillum_interruptum,Vexillum interruptum,italic(Vexillum interruptum),Other,afdw_mg_cm2,44,0.14795963586498612,0.3378166605847819,0.8020910702812067,Positive,vexillum interruptum
raw,Vexillum_interruptum,Vexillum interruptum,italic(Vexillum interruptum),Other,carb_mg_cm2,44,-0.061287404398742903,0.6926930268278686,0.9053807017178195,Negative,vexillum interruptum
raw,Vexillum_interruptum,Vexillum interruptum,italic(Vexillum interruptum),Other,growth_vol_b,44,-0.08611244861552529,0.5783507074782741,0.8897294631367394,Negative,vexillum interruptum
raw,Vexillum_interruptum,Vexillum interruptum,italic(Vexillum interruptum),Other,protein_mg_cm2,44,0.09113723147096746,0.5562913515187446,0.8897294631367394,Positive,vexillum interruptum
raw,Vexillum_interruptum,Vexillum interruptum,italic(Vexillum interruptum),Other,zoox_cells_cm2,44,0.125359200213111,0.4174770674094509,0.8813404756421741,Positive,vexillum interruptum
raw,Xanthias_lamarckii,Xanthias lamarckii,italic(Xanthias lamarckii),Other,afdw_mg_cm2,44,-0.07233291072340554,0.6407849656349188,0.8951262091558514,Negative,xanthias lamarckii
raw,Xanthias_lamarckii,Xanthias lamarckii,italic(Xanthias lamarckii),Other,carb_mg_cm2,44,-0.22733720855870565,0.13778713155675162,0.764026758442577,Negative,xanthias lamarckii
raw,Xanthias_lamarckii,Xanthias lamarckii,italic(Xanthias lamarckii),Other,growth_vol_b,44,-0.2064573923656755,0.17875554431434887,0.764026758442577,Negative,xanthias lamarckii
raw,Xanthias_lamarckii,Xanthias lamarckii,italic(Xanthias lamarckii),Other,protein_mg_cm2,44,-0.18319460561054157,0.23392930595894,0.7674695299352391,Negative,xanthias lamarckii
raw,Xanthias_lamarckii,Xanthias lamarckii,italic(Xanthias lamarckii),Other,zoox_cells_cm2,44,-0.0744037554402667,0.6312296894525962,0.8935646459240517,Negative,xanthias lamarckii
raw,Zafra_hahajimana,Zafra hahajimana,italic(Zafra hahajimana),Other,afdw_mg_cm2,44,0.02440089597054224,0.8750707318087151,0.9768909486244352,Positive,zafra hahajimana
raw,Zafra_hahajimana,Zafra hahajimana,italic(Zafra hahajimana),Other,carb_mg_cm2,44,0.01501922442899471,0.9229141603108901,0.9788438109037493,Positive,zafra hahajimana
raw,Zafra_hahajimana,Zafra hahajimana,italic(Zafra hahajimana),Other,growth_vol_b,44,-0.021712184800334773,0.8887448775543976,0.9768909486244352,Negative,zafra hahajimana
raw,Zafra_hahajimana,Zafra hahajimana,italic(Zafra hahajimana),Other,protein_mg_cm2,44,0.08085277828966166,0.6018565972357979,0.8897294631367394,Positive,zafra hahajimana
raw,Zafra_hahajimana,Zafra hahajimana,italic(Zafra hahajimana),Other,zoox_cells_cm2,44,0.2953012907014804,0.051647577568587705,0.6605704082354257,Positive,zafra hahajimana
sqrt,Alpheus_diadema,Alpheus diadema,italic(Alpheus diadema),Other,afdw_mg_cm2,44,-0.22440783890554963,0.14307057099964024,0.6970104741008114,Negative,alpheus diadema
sqrt,Alpheus_diadema,Alpheus diadema,italic(Alpheus diadema),Other,carb_mg_cm2,44,-0.28121711992726134,0.06442948900247514,0.5564364959304671,Negative,alpheus diadema
sqrt,Alpheus_diadema,Alpheus diadema,italic(Alpheus diadema),Other,growth_vol_b,44,-0.2204188350069675,0.15050407916998282,0.7056641937021072,Negative,alpheus diadema
sqrt,Alpheus_diadema,Alpheus diadema,italic(Alpheus diadema),Other,protein_mg_cm2,44,-0.3594974194347978,0.016542468672375136,0.36151808252358564,Negative,alpheus diadema
sqrt,Alpheus_diadema,Alpheus diadema,italic(Alpheus diadema),Other,zoox_cells_cm2,44,-0.08685757843318767,0.5750546114749482,0.9091931712193357,Negative,alpheus diadema
sqrt,Alpheus_lottini,Alpheus lottini,italic(Alpheus lottini),Other,afdw_mg_cm2,44,-0.20496462284824762,0.18198708153370133,0.7056641937021072,Negative,alpheus lottini
sqrt,Alpheus_lottini,Alpheus lottini,italic(Alpheus lottini),Other,carb_mg_cm2,44,-0.09091076351297506,0.5572769976497494,0.9091931712193357,Negative,alpheus lottini
sqrt,Alpheus_lottini,Alpheus lottini,italic(Alpheus lottini),Other,growth_vol_b,44,-0.11732272283023241,0.44818046525836375,0.8778792618462795,Negative,alpheus lottini
sqrt,Alpheus_lottini,Alpheus lottini,italic(Alpheus lottini),Other,protein_mg_cm2,44,-0.2441413937792476,0.11024279586515054,0.6774923334293976,Negative,alpheus lottini
sqrt,Alpheus_lottini,Alpheus lottini,italic(Alpheus lottini),Other,zoox_cells_cm2,44,-0.005874405584465197,0.9698113363966018,0.9834426628709246,Negative,alpheus lottini
sqrt,Apataxia_cerithiiformis,Apataxia cerithiiformis,italic(Apataxia cerithiiformis),Other,afdw_mg_cm2,44,-0.12170038768164497,0.43130480094482715,0.8664381221292998,Negative,apataxia cerithiiformis
sqrt,Apataxia_cerithiiformis,Apataxia cerithiiformis,italic(Apataxia cerithiiformis),Other,carb_mg_cm2,44,-0.2978656166856205,0.04955718378893766,0.4707932459949078,Negative,apataxia cerithiiformis
sqrt,Apataxia_cerithiiformis,Apataxia cerithiiformis,italic(Apataxia cerithiiformis),Other,growth_vol_b,44,-0.13590925602734927,0.3790444416751747,0.8613491303578161,Negative,apataxia cerithiiformis
sqrt,Apataxia_cerithiiformis,Apataxia cerithiiformis,italic(Apataxia cerithiiformis),Other,protein_mg_cm2,44,-0.20615897607492523,0.17939824086101633,0.7056641937021072,Negative,apataxia cerithiiformis
sqrt,Apataxia_cerithiiformis,Apataxia cerithiiformis,italic(Apataxia cerithiiformis),Other,zoox_cells_cm2,44,-0.03911846436213461,0.8009568871502509,0.9262631721598403,Negative,apataxia cerithiiformis
sqrt,Athanas_djiboutensis,Athanas djiboutensis,italic(Athanas djiboutensis),Other,afdw_mg_cm2,44,0.2019653005356048,0.1886058022694196,0.7167020486237944,Positive,athanas djiboutensis
sqrt,Athanas_djiboutensis,Athanas djiboutensis,italic(Athanas djiboutensis),Other,carb_mg_cm2,44,-0.19435648143298712,0.20615950487075757,0.7212542870076909,Negative,athanas djiboutensis
sqrt,Athanas_djiboutensis,Athanas djiboutensis,italic(Athanas djiboutensis),Other,growth_vol_b,44,-0.004228619436045685,0.9782666488558145,0.9834426628709246,Negative,athanas djiboutensis
sqrt,Athanas_djiboutensis,Athanas djiboutensis,italic(Athanas djiboutensis),Other,protein_mg_cm2,44,-0.041683817086961755,0.7881944583761162,0.9262631721598403,Negative,athanas djiboutensis
sqrt,Athanas_djiboutensis,Athanas djiboutensis,italic(Athanas djiboutensis),Other,zoox_cells_cm2,44,0.05473405775016244,0.7241803961403408,0.9262631721598403,Positive,athanas djiboutensis
sqrt,Calcinus_latens,Calcinus latens,italic(Calcinus latens),Other,afdw_mg_cm2,44,0.1300332045674507,0.40018445329855556,0.8613491303578161,Positive,calcinus latens
sqrt,Calcinus_latens,Calcinus latens,italic(Calcinus latens),Other,carb_mg_cm2,44,0.18995740645842865,0.21681457847711277,0.7212542870076909,Positive,calcinus latens
sqrt,Calcinus_latens,Calcinus latens,italic(Calcinus latens),Other,growth_vol_b,44,-0.14387442103701295,0.3514705804621485,0.850067222643891,Negative,calcinus latens
sqrt,Calcinus_latens,Calcinus latens,italic(Calcinus latens),Other,protein_mg_cm2,44,0.1426920642954158,0.35548432919483863,0.850067222643891,Positive,calcinus latens
sqrt,Calcinus_latens,Calcinus latens,italic(Calcinus latens),Other,zoox_cells_cm2,44,0.23741027750752164,0.12072326038689717,0.691457682202471,Positive,calcinus latens
sqrt,Caracanthus_maculatus,Caracanthus maculatus,italic(Caracanthus maculatus),Other,afdw_mg_cm2,44,0.38698614541212123,0.009457528423831412,0.36151808252358564,Positive,caracanthus maculatus
sqrt,Caracanthus_maculatus,Caracanthus maculatus,italic(Caracanthus maculatus),Other,carb_mg_cm2,44,0.39183091661970115,0.008528598431375744,0.36151808252358564,Positive,caracanthus maculatus
sqrt,Caracanthus_maculatus,Caracanthus maculatus,italic(Caracanthus maculatus),Other,growth_vol_b,44,0.29205194933861395,0.05439789655165145,0.49217144499113213,Positive,caracanthus maculatus
sqrt,Caracanthus_maculatus,Caracanthus maculatus,italic(Caracanthus maculatus),Other,protein_mg_cm2,44,0.4764072973504942,0.001078992294185537,0.20500853589525203,Positive,caracanthus maculatus
sqrt,Caracanthus_maculatus,Caracanthus maculatus,italic(Caracanthus maculatus),Other,zoox_cells_cm2,44,0.24160726243025707,0.11410397194600382,0.6774923334293976,Positive,caracanthus maculatus
sqrt,Carinomitra_typha,Carinomitra typha,italic(Carinomitra typha),Other,afdw_mg_cm2,44,-0.0885811908864467,0.5674631697530461,0.9091931712193357,Negative,carinomitra typha
sqrt,Carinomitra_typha,Carinomitra typha,italic(Carinomitra typha),Other,carb_mg_cm2,44,-0.1211990935228585,0.4332190610646499,0.8664381221292998,Negative,carinomitra typha
sqrt,Carinomitra_typha,Carinomitra typha,italic(Carinomitra typha),Other,growth_vol_b,44,-0.0018100984662646898,0.9906959383652978,0.9906959383652978,Negative,carinomitra typha
sqrt,Carinomitra_typha,Carinomitra typha,italic(Carinomitra typha),Other,protein_mg_cm2,44,-0.04111642474200992,0.7910126011473462,0.9262631721598403,Negative,carinomitra typha
sqrt,Carinomitra_typha,Carinomitra typha,italic(Carinomitra typha),Other,zoox_cells_cm2,44,0.059055899062089696,0.703360688533209,0.9262631721598403,Positive,carinomitra typha
sqrt,Cellana_taitensis,Cellana taitensis,italic(Cellana taitensis),Other,afdw_mg_cm2,44,0.0464636345227638,0.7645631841849188,0.9262631721598403,Positive,cellana taitensis
sqrt,Cellana_taitensis,Cellana taitensis,italic(Cellana taitensis),Other,carb_mg_cm2,44,-0.05689705494176339,0.7137348591100988,0.9262631721598403,Negative,cellana taitensis
sqrt,Cellana_taitensis,Cellana taitensis,italic(Cellana taitensis),Other,growth_vol_b,44,0.013692802238126215,0.9297041650248687,0.9834426628709246,Positive,cellana taitensis
sqrt,Cellana_taitensis,Cellana taitensis,italic(Cellana taitensis),Other,protein_mg_cm2,44,-0.1546135454009911,0.3162916508478967,0.8346585230708384,Negative,cellana taitensis
sqrt,Cellana_taitensis,Cellana taitensis,italic(Cellana taitensis),Other,zoox_cells_cm2,44,0.03554789207582243,0.818805086166001,0.9262631721598403,Positive,cellana taitensis
sqrt,Cerithium_zebrum,Cerithium zebrum,italic(Cerithium zebrum),Other,afdw_mg_cm2,44,0.13279130876574505,0.39017799959588484,0.8613491303578161,Positive,cerithium zebrum
sqrt,Cerithium_zebrum,Cerithium zebrum,italic(Cerithium zebrum),Other,carb_mg_cm2,44,-0.16257816253618917,0.2916949873319202,0.7917435370437834,Negative,cerithium zebrum
sqrt,Cerithium_zebrum,Cerithium zebrum,italic(Cerithium zebrum),Other,growth_vol_b,44,-0.11989034959091432,0.4382389380269056,0.8673478981782508,Negative,cerithium zebrum
sqrt,Cerithium_zebrum,Cerithium zebrum,italic(Cerithium zebrum),Other,protein_mg_cm2,44,-0.050335303965316186,0.7455743811191371,0.9262631721598403,Negative,cerithium zebrum
sqrt,Cerithium_zebrum,Cerithium zebrum,italic(Cerithium zebrum),Other,zoox_cells_cm2,44,0.02121268900171506,0.891288833403106,0.9754973211444328,Positive,cerithium zebrum
sqrt,Chlorodiella_barbata,Chlorodiella barbata,italic(Chlorodiella barbata),Other,afdw_mg_cm2,44,0.01982624844007062,0.8983556171043665,0.9754973211444328,Positive,chlorodiella barbata
sqrt,Chlorodiella_barbata,Chlorodiella barbata,italic(Chlorodiella barbata),Other,carb_mg_cm2,44,-0.0051870497180793295,0.9733423181252558,0.9834426628709246,Negative,chlorodiella barbata
sqrt,Chlorodiella_barbata,Chlorodiella barbata,italic(Chlorodiella barbata),Other,growth_vol_b,44,0.05284358930636432,0.7333506260139111,0.9262631721598403,Positive,chlorodiella barbata
sqrt,Chlorodiella_barbata,Chlorodiella barbata,italic(Chlorodiella barbata),Other,protein_mg_cm2,44,-0.06643258335344958,0.6683222281134449,0.9262631721598403,Negative,chlorodiella barbata
sqrt,Chlorodiella_barbata,Chlorodiella barbata,italic(Chlorodiella barbata),Other,zoox_cells_cm2,44,0.05155518330824734,0.7396215583875821,0.9262631721598403,Positive,chlorodiella barbata
sqrt,Coralliogalathea_humilis,Coralliogalathea humilis,italic(Coralliogalathea humilis),Other,afdw_mg_cm2,44,-0.1091429573070608,0.48065987198585625,0.8953468203658107,Negative,coralliogalathea humilis
sqrt,Coralliogalathea_humilis,Coralliogalathea humilis,italic(Coralliogalathea humilis),Other,carb_mg_cm2,44,-0.18741860568015228,0.22313470797456147,0.7212542870076909,Negative,coralliogalathea humilis
sqrt,Coralliogalathea_humilis,Coralliogalathea humilis,italic(Coralliogalathea humilis),Other,growth_vol_b,44,0.05799906309348668,0.7084327259539815,0.9262631721598403,Positive,coralliogalathea humilis
sqrt,Coralliogalathea_humilis,Coralliogalathea humilis,italic(Coralliogalathea humilis),Other,protein_mg_cm2,44,-0.18264613353223597,0.23535666207619388,0.7212542870076909,Negative,coralliogalathea humilis
sqrt,Coralliogalathea_humilis,Coralliogalathea humilis,italic(Coralliogalathea humilis),Other,zoox_cells_cm2,44,0.018008222306999774,0.9076339237377873,0.9754973211444328,Positive,coralliogalathea humilis
sqrt,Dascyllus_aruanus,Dascyllus aruanus,italic(Dascyllus aruanus),Other,afdw_mg_cm2,44,0.1061456810680336,0.4928629484175884,0.9004226942244403,Positive,dascyllus aruanus
sqrt,Dascyllus_aruanus,Dascyllus aruanus,italic(Dascyllus aruanus),Other,carb_mg_cm2,44,0.20716682524172378,0.17723427489315288,0.7056641937021072,Positive,dascyllus aruanus
sqrt,Dascyllus_aruanus,Dascyllus aruanus,italic(Dascyllus aruanus),Other,growth_vol_b,44,0.3761565030538322,0.011853028936922068,0.36151808252358564,Positive,dascyllus aruanus
sqrt,Dascyllus_aruanus,Dascyllus aruanus,italic(Dascyllus aruanus),Other,protein_mg_cm2,44,0.18736531903263318,0.22326870730642107,0.7212542870076909,Positive,dascyllus aruanus
sqrt,Dascyllus_aruanus,Dascyllus aruanus,italic(Dascyllus aruanus),Other,zoox_cells_cm2,44,0.04517242844076429,0.770927048771865,0.9262631721598403,Positive,dascyllus aruanus
sqrt,Dascyllus_flavicaudus,Dascyllus flavicaudus,italic(Dascyllus flavicaudus),Other,afdw_mg_cm2,44,0.20892459294630655,0.17350510050646573,0.7056641937021072,Positive,dascyllus flavicaudus
sqrt,Dascyllus_flavicaudus,Dascyllus flavicaudus,italic(Dascyllus flavicaudus),Other,carb_mg_cm2,44,0.1253137599574465,0.4176472397036147,0.8613491303578161,Positive,dascyllus flavicaudus
sqrt,Dascyllus_flavicaudus,Dascyllus flavicaudus,italic(Dascyllus flavicaudus),Other,growth_vol_b,44,0.2247954700379284,0.14236296278117497,0.6970104741008114,Positive,dascyllus flavicaudus
sqrt,Dascyllus_flavicaudus,Dascyllus flavicaudus,italic(Dascyllus flavicaudus),Other,protein_mg_cm2,44,0.26973461741152316,0.07661201444354943,0.606511781011433,Positive,dascyllus flavicaudus
sqrt,Dascyllus_flavicaudus,Dascyllus flavicaudus,italic(Dascyllus flavicaudus),Other,zoox_cells_cm2,44,-0.009012378398282181,0.9536996618199809,0.9834426628709246,Negative,dascyllus flavicaudus
sqrt,Diala_albugo,Diala albugo,italic(Diala albugo),Other,afdw_mg_cm2,44,0.050454792389143646,0.7449906425160635,0.9262631721598403,Positive,diala albugo
sqrt,Diala_albugo,Diala albugo,italic(Diala albugo),Other,carb_mg_cm2,44,-0.18401739937606776,0.23179915559943737,0.7212542870076909,Negative,diala albugo
sqrt,Diala_albugo,Diala albugo,italic(Diala albugo),Other,growth_vol_b,44,-0.15165224347042602,0.3257617491890613,0.8364153019719142,Negative,diala albugo
sqrt,Diala_albugo,Diala albugo,italic(Diala albugo),Other,protein_mg_cm2,44,-0.2589889476800438,0.08958658133101938,0.6277035606128682,Negative,diala albugo
sqrt,Diala_albugo,Diala albugo,italic(Diala albugo),Other,zoox_cells_cm2,44,0.10262749550331769,0.5073883312823462,0.9027816480652318,Positive,diala albugo
sqrt,Diala_semistriata,Diala semistriata,italic(Diala semistriata),Other,afdw_mg_cm2,44,-0.04283654673146976,0.7824772999071452,0.9262631721598403,Negative,diala semistriata
sqrt,Diala_semistriata,Diala semistriata,italic(Diala semistriata),Other,carb_mg_cm2,44,-0.10238231400183721,0.5084086123314726,0.9027816480652318,Negative,diala semistriata
sqrt,Diala_semistriata,Diala semistriata,italic(Diala semistriata),Other,growth_vol_b,44,0.01804086307271128,0.9074672305562355,0.9754973211444328,Positive,diala semistriata
sqrt,Diala_semistriata,Diala semistriata,italic(Diala semistriata),Other,protein_mg_cm2,44,-0.130383204165282,0.3989064775064659,0.8613491303578161,Negative,diala semistriata
sqrt,Diala_semistriata,Diala semistriata,italic(Diala semistriata),Other,zoox_cells_cm2,44,0.03550667870029312,0.8190116469623852,0.9262631721598403,Positive,diala semistriata
sqrt,Fennera_chacei,Fennera chacei,italic(Fennera chacei),Other,afdw_mg_cm2,44,0.21628979637458567,0.1584934266882992,0.7056641937021072,Positive,fennera chacei
sqrt,Fennera_chacei,Fennera chacei,italic(Fennera chacei),Other,carb_mg_cm2,44,0.3425265407099404,0.022846702625429163,0.36151808252358564,Positive,fennera chacei
sqrt,Fennera_chacei,Fennera chacei,italic(Fennera chacei),Other,growth_vol_b,44,0.16334695268747007,0.289388239884714,0.7917435370437834,Positive,fennera chacei
sqrt,Fennera_chacei,Fennera chacei,italic(Fennera chacei),Other,protein_mg_cm2,44,0.34530525320190414,0.021694625455245812,0.36151808252358564,Positive,fennera chacei
sqrt,Fennera_chacei,Fennera chacei,italic(Fennera chacei),Other,zoox_cells_cm2,44,0.15661852925074235,0.3099797335200454,0.8295232305466003,Positive,fennera chacei
sqrt,Galathea_mauritiana,Galathea mauritiana,italic(Galathea mauritiana),Other,afdw_mg_cm2,44,-0.08468555700650719,0.5846863629776988,0.9091931712193357,Negative,galathea mauritiana
sqrt,Galathea_mauritiana,Galathea mauritiana,italic(Galathea mauritiana),Other,carb_mg_cm2,44,-0.07544454785597669,0.6264494832219267,0.9091931712193357,Negative,galathea mauritiana
sqrt,Galathea_mauritiana,Galathea mauritiana,italic(Galathea mauritiana),Other,growth_vol_b,44,0.03043429593631913,0.8445226099080891,0.9329028830380054,Positive,galathea mauritiana
sqrt,Galathea_mauritiana,Galathea mauritiana,italic(Galathea mauritiana),Other,protein_mg_cm2,44,0.004905701312392906,0.9747877681102342,0.9834426628709246,Positive,galathea mauritiana
sqrt,Galathea_mauritiana,Galathea mauritiana,italic(Galathea mauritiana),Other,zoox_cells_cm2,44,-0.13826131287610777,0.37077178777270414,0.8613491303578161,Negative,galathea mauritiana
sqrt,Galeropsis_monodonta,Galeropsis monodonta,italic(Galeropsis monodonta),Other,afdw_mg_cm2,44,-0.07771328944668007,0.6160819575922822,0.9091931712193357,Negative,galeropsis monodonta
sqrt,Galeropsis_monodonta,Galeropsis monodonta,italic(Galeropsis monodonta),Other,carb_mg_cm2,44,-0.24643183481579725,0.10683924518845565,0.6774923334293976,Negative,galeropsis monodonta
sqrt,Galeropsis_monodonta,Galeropsis monodonta,italic(Galeropsis monodonta),Other,growth_vol_b,44,-0.06249204463004893,0.6869584344438029,0.9262631721598403,Negative,galeropsis monodonta
sqrt,Galeropsis_monodonta,Galeropsis monodonta,italic(Galeropsis monodonta),Other,protein_mg_cm2,44,-0.22753518187969676,0.13743536688019803,0.6970104741008114,Negative,galeropsis monodonta
sqrt,Galeropsis_monodonta,Galeropsis monodonta,italic(Galeropsis monodonta),Other,zoox_cells_cm2,44,0.21141891300769125,0.1683107760708661,0.7056641937021072,Positive,galeropsis monodonta
sqrt,Halichoeres_trimaculatus,Halichoeres trimaculatus,italic(Halichoeres trimaculatus),Other,afdw_mg_cm2,44,0.16511236040903063,0.28413608772988724,0.7917435370437834,Positive,halichoeres trimaculatus
sqrt,Halichoeres_trimaculatus,Halichoeres trimaculatus,italic(Halichoeres trimaculatus),Other,carb_mg_cm2,44,0.13406889266386546,0.38559303747020046,0.8613491303578161,Positive,halichoeres trimaculatus
sqrt,Halichoeres_trimaculatus,Halichoeres trimaculatus,italic(Halichoeres trimaculatus),Other,growth_vol_b,44,0.05322399850266662,0.7315023510954597,0.9262631721598403,Positive,halichoeres trimaculatus
sqrt,Halichoeres_trimaculatus,Halichoeres trimaculatus,italic(Halichoeres trimaculatus),Other,protein_mg_cm2,44,0.0915342417694505,0.5545654418715085,0.9091931712193357,Positive,halichoeres trimaculatus
sqrt,Halichoeres_trimaculatus,Halichoeres trimaculatus,italic(Halichoeres trimaculatus),Other,zoox_cells_cm2,44,0.23555830192991634,0.12373453260465271,0.691457682202471,Positive,halichoeres trimaculatus
sqrt,Hargeria_rapax,Hargeria rapax,italic(Hargeria rapax),Other,afdw_mg_cm2,44,-0.03656720218233749,0.813700210126536,0.9262631721598403,Negative,hargeria rapax
sqrt,Hargeria_rapax,Hargeria rapax,italic(Hargeria rapax),Other,carb_mg_cm2,44,-0.33742840746485103,0.02509368939250191,0.36151808252358564,Negative,hargeria rapax
sqrt,Hargeria_rapax,Hargeria rapax,italic(Hargeria rapax),Other,growth_vol_b,44,0.0076905376428148976,0.9604846939192258,0.9834426628709246,Positive,hargeria rapax
sqrt,Hargeria_rapax,Hargeria rapax,italic(Hargeria rapax),Other,protein_mg_cm2,44,-0.35110835660744527,0.019445132730964033,0.36151808252358564,Negative,hargeria rapax
sqrt,Hargeria_rapax,Hargeria rapax,italic(Hargeria rapax),Other,zoox_cells_cm2,44,-0.06040167381432869,0.6969203522482714,0.9262631721598403,Negative,hargeria rapax
sqrt,Harpiliopsis_beaupresii,Harpiliopsis beaupresii,italic(Harpiliopsis beaupresii),Other,afdw_mg_cm2,44,0.12856162641767255,0.40558361067966453,0.8613491303578161,Positive,harpiliopsis beaupresii
sqrt,Harpiliopsis_beaupresii,Harpiliopsis beaupresii,italic(Harpiliopsis beaupresii),Other,carb_mg_cm2,44,-0.03166345246854168,0.838325224801093,0.9329028830380054,Negative,harpiliopsis beaupresii
sqrt,Harpiliopsis_beaupresii,Harpiliopsis beaupresii,italic(Harpiliopsis beaupresii),Other,growth_vol_b,44,0.2303723393684905,0.13246727740568723,0.6970104741008114,Positive,harpiliopsis beaupresii
sqrt,Harpiliopsis_beaupresii,Harpiliopsis beaupresii,italic(Harpiliopsis beaupresii),Other,protein_mg_cm2,44,-0.07223883128905607,0.6412204470704789,0.9091931712193357,Negative,harpiliopsis beaupresii
sqrt,Harpiliopsis_beaupresii,Harpiliopsis beaupresii,italic(Harpiliopsis beaupresii),Other,zoox_cells_cm2,44,0.26157930552460806,0.08631304702953506,0.6277035606128682,Positive,harpiliopsis beaupresii
sqrt,Harpiliopsis_spinigera,Harpiliopsis spinigera,italic(Harpiliopsis spinigera),Other,afdw_mg_cm2,44,0.11607262746899165,0.45306498841362075,0.8783913040672239,Positive,harpiliopsis spinigera
sqrt,Harpiliopsis_spinigera,Harpiliopsis spinigera,italic(Harpiliopsis spinigera),Other,carb_mg_cm2,44,0.21134983080063552,0.1684531049363874,0.7056641937021072,Positive,harpiliopsis spinigera
sqrt,Harpiliopsis_spinigera,Harpiliopsis spinigera,italic(Harpiliopsis spinigera),Other,growth_vol_b,44,0.35433292689406154,0.018282380929673513,0.36151808252358564,Positive,harpiliopsis spinigera
sqrt,Harpiliopsis_spinigera,Harpiliopsis spinigera,italic(Harpiliopsis spinigera),Other,protein_mg_cm2,44,0.20558759637337756,0.18063343277123933,0.7056641937021072,Positive,harpiliopsis spinigera
sqrt,Harpiliopsis_spinigera,Harpiliopsis spinigera,italic(Harpiliopsis spinigera),Other,zoox_cells_cm2,44,0.07462913485161686,0.6301932843808609,0.9091931712193357,Positive,harpiliopsis spinigera
sqrt,Luniella_pugil,Luniella pugil,italic(Luniella pugil),Other,afdw_mg_cm2,44,-0.2419489483268896,0.1135774536995658,0.6774923334293976,Negative,luniella pugil
sqrt,Luniella_pugil,Luniella pugil,italic(Luniella pugil),Other,carb_mg_cm2,44,-0.3093455319057876,0.04102129705290325,0.4538363952729345,Negative,luniella pugil
sqrt,Luniella_pugil,Luniella pugil,italic(Luniella pugil),Other,growth_vol_b,44,-0.09635857827319821,0.5337969543599855,0.9091931712193357,Negative,luniella pugil
sqrt,Luniella_pugil,Luniella pugil,italic(Luniella pugil),Other,protein_mg_cm2,44,-0.3182854274721388,0.03524006680590934,0.44637417954151826,Negative,luniella pugil
sqrt,Luniella_pugil,Luniella pugil,italic(Luniella pugil),Other,zoox_cells_cm2,44,-0.18444327409298555,0.2307018276769523,0.7212542870076909,Negative,luniella pugil
sqrt,Macteola_interrupta,Macteola interrupta,italic(Macteola interrupta),Other,afdw_mg_cm2,44,-0.0814270060112367,0.599270233342156,0.9091931712193357,Negative,macteola interrupta
sqrt,Macteola_interrupta,Macteola interrupta,italic(Macteola interrupta),Other,carb_mg_cm2,44,-0.18406763587020725,0.23166952852240816,0.7212542870076909,Negative,macteola interrupta
sqrt,Macteola_interrupta,Macteola interrupta,italic(Macteola interrupta),Other,growth_vol_b,44,-0.1502169902412529,0.33041486617725424,0.8370509943157107,Negative,macteola interrupta
sqrt,Macteola_interrupta,Macteola interrupta,italic(Macteola interrupta),Other,protein_mg_cm2,44,-0.06709647944609612,0.6652013573376203,0.9262631721598403,Negative,macteola interrupta
sqrt,Macteola_interrupta,Macteola interrupta,italic(Macteola interrupta),Other,zoox_cells_cm2,44,-0.012559800340110866,0.9355079708340062,0.9834426628709246,Negative,macteola interrupta
sqrt,Menaethius_monoceros,Menaethius monoceros,italic(Menaethius monoceros),Other,afdw_mg_cm2,44,-0.30360816415625375,0.04512355977750572,0.4538363952729345,Negative,menaethius monoceros
sqrt,Menaethius_monoceros,Menaethius monoceros,italic(Menaethius monoceros),Other,carb_mg_cm2,44,-0.30325894548292104,0.04538363952729345,0.4538363952729345,Negative,menaethius monoceros
sqrt,Menaethius_monoceros,Menaethius monoceros,italic(Menaethius monoceros),Other,growth_vol_b,44,0.08101879354466394,0.6011083538786595,0.9091931712193357,Positive,menaethius monoceros
sqrt,Menaethius_monoceros,Menaethius monoceros,italic(Menaethius monoceros),Other,protein_mg_cm2,44,-0.3038223769560666,0.04496462539904374,0.4538363952729345,Negative,menaethius monoceros
sqrt,Menaethius_monoceros,Menaethius monoceros,italic(Menaethius monoceros),Other,zoox_cells_cm2,44,0.045362391972811056,0.7699898467317364,0.9262631721598403,Positive,menaethius monoceros
sqrt,Mitrella_moleculina,Mitrella moleculina,italic(Mitrella moleculina),Other,afdw_mg_cm2,44,-0.18649235709583972,0.2254718375750972,0.7212542870076909,Negative,mitrella moleculina
sqrt,Mitrella_moleculina,Mitrella moleculina,italic(Mitrella moleculina),Other,carb_mg_cm2,44,-0.14283488192420288,0.3549980316835861,0.850067222643891,Negative,mitrella moleculina
sqrt,Mitrella_moleculina,Mitrella moleculina,italic(Mitrella moleculina),Other,growth_vol_b,44,-0.08758254909416964,0.5718559307191478,0.9091931712193357,Negative,mitrella moleculina
sqrt,Mitrella_moleculina,Mitrella moleculina,italic(Mitrella moleculina),Other,protein_mg_cm2,44,-0.13582898759567372,0.3793286789268816,0.8613491303578161,Negative,mitrella moleculina
sqrt,Mitrella_moleculina,Mitrella moleculina,italic(Mitrella moleculina),Other,zoox_cells_cm2,44,-0.1277293946659589,0.40865550671137685,0.8613491303578161,Negative,mitrella moleculina
sqrt,Morula_zebrina,Morula zebrina,italic(Morula zebrina),Other,afdw_mg_cm2,44,0.03806177304120887,0.8062289745022966,0.9262631721598403,Positive,morula zebrina
sqrt,Morula_zebrina,Morula zebrina,italic(Morula zebrina),Other,carb_mg_cm2,44,-0.07550443606869495,0.6261748826351905,0.9091931712193357,Negative,morula zebrina
sqrt,Morula_zebrina,Morula zebrina,italic(Morula zebrina),Other,growth_vol_b,44,-0.17143695863855957,0.2658334447053033,0.7538560372239944,Negative,morula zebrina
sqrt,Morula_zebrina,Morula zebrina,italic(Morula zebrina),Other,protein_mg_cm2,44,0.07717857208489566,0.6185189280864625,0.9091931712193357,Positive,morula zebrina
sqrt,Morula_zebrina,Morula zebrina,italic(Morula zebrina),Other,zoox_cells_cm2,44,-0.07328357746754463,0.636391159248705,0.9091931712193357,Negative,morula zebrina
sqrt,Paragobiodon_modestus,Paragobiodon modestus,italic(Paragobiodon modestus),Other,afdw_mg_cm2,44,-0.007026601635135503,0.9638937600640034,0.9834426628709246,Negative,paragobiodon modestus
sqrt,Paragobiodon_modestus,Paragobiodon modestus,italic(Paragobiodon modestus),Other,carb_mg_cm2,44,0.046677911901192866,0.7635085607390995,0.9262631721598403,Positive,paragobiodon modestus
sqrt,Paragobiodon_modestus,Paragobiodon modestus,italic(Paragobiodon modestus),Other,growth_vol_b,44,-0.0796067666432032,0.6074853337757253,0.9091931712193357,Negative,paragobiodon modestus
sqrt,Paragobiodon_modestus,Paragobiodon modestus,italic(Paragobiodon modestus),Other,protein_mg_cm2,44,0.049224062120264575,0.7510098516672302,0.9262631721598403,Positive,paragobiodon modestus
sqrt,Paragobiodon_modestus,Paragobiodon modestus,italic(Paragobiodon modestus),Other,zoox_cells_cm2,44,-0.059377920496491376,0.7018177353732957,0.9262631721598403,Negative,paragobiodon modestus
sqrt,Pascula_muricata,Pascula muricata,italic(Pascula muricata),Other,afdw_mg_cm2,44,-0.26211802152784874,0.08564409681618002,0.6277035606128682,Negative,pascula muricata
sqrt,Pascula_muricata,Pascula muricata,italic(Pascula muricata),Other,carb_mg_cm2,44,-0.1419776388330717,0.35792304111321727,0.850067222643891,Negative,pascula muricata
sqrt,Pascula_muricata,Pascula muricata,italic(Pascula muricata),Other,growth_vol_b,44,0.10923030417920618,0.4803066446786656,0.8953468203658107,Positive,pascula muricata
sqrt,Pascula_muricata,Pascula muricata,italic(Pascula muricata),Other,protein_mg_cm2,44,-0.09909399988467545,0.5221918767114972,0.9091931712193357,Negative,pascula muricata
sqrt,Pascula_muricata,Pascula muricata,italic(Pascula muricata),Other,zoox_cells_cm2,44,-0.1079235343173895,0.4856053824722515,0.8957769191235707,Negative,pascula muricata
sqrt,Periclimenes_watamuae,Periclimenes watamuae,italic(Periclimenes watamuae),Other,afdw_mg_cm2,44,0.19863504682338087,0.19615323964400225,0.7212542870076909,Positive,periclimenes watamuae
sqrt,Periclimenes_watamuae,Periclimenes watamuae,italic(Periclimenes watamuae),Other,carb_mg_cm2,44,0.39181759538974886,0.008531040703824773,0.36151808252358564,Positive,periclimenes watamuae
sqrt,Periclimenes_watamuae,Periclimenes watamuae,italic(Periclimenes watamuae),Other,growth_vol_b,44,0.05796929832694167,0.7085757568123474,0.9262631721598403,Positive,periclimenes watamuae
sqrt,Periclimenes_watamuae,Periclimenes watamuae,italic(Periclimenes watamuae),Other,protein_mg_cm2,44,0.179166731221936,0.2445498719017424,0.7375313597036676,Positive,periclimenes watamuae
sqrt,Periclimenes_watamuae,Periclimenes watamuae,italic(Periclimenes watamuae),Other,zoox_cells_cm2,44,0.17489039482293178,0.2561774736363867,0.7488264613986688,Positive,periclimenes watamuae
sqrt,Stomatolina_rubra,Stomatolina rubra,italic(Stomatolina rubra),Other,afdw_mg_cm2,44,0.09550509252768442,0.5374434036490374,0.9091931712193357,Positive,stomatolina rubra
sqrt,Stomatolina_rubra,Stomatolina rubra,italic(Stomatolina rubra),Other,carb_mg_cm2,44,-0.12561675918761123,0.4165132618659595,0.8613491303578161,Negative,stomatolina rubra
sqrt,Stomatolina_rubra,Stomatolina rubra,italic(Stomatolina rubra),Other,growth_vol_b,44,0.12425916058311043,0.42160773222777315,0.8613491303578161,Positive,stomatolina rubra
sqrt,Stomatolina_rubra,Stomatolina rubra,italic(Stomatolina rubra),Other,protein_mg_cm2,44,-0.0594637103330968,0.7014068761868502,0.9262631721598403,Negative,stomatolina rubra
sqrt,Stomatolina_rubra,Stomatolina rubra,italic(Stomatolina rubra),Other,zoox_cells_cm2,44,-0.017789157438641515,0.9087527675924452,0.9754973211444328,Negative,stomatolina rubra
sqrt,Strigatella_assimilis,Strigatella assimilis,italic(Strigatella assimilis),Other,afdw_mg_cm2,44,0.0937520332325559,0.5449708263645141,0.9091931712193357,Positive,strigatella assimilis
sqrt,Strigatella_assimilis,Strigatella assimilis,italic(Strigatella assimilis),Other,carb_mg_cm2,44,-0.048136086853288046,0.7563430814364844,0.9262631721598403,Negative,strigatella assimilis
sqrt,Strigatella_assimilis,Strigatella assimilis,italic(Strigatella assimilis),Other,growth_vol_b,44,-0.1754023824692543,0.2547661832109373,0.7488264613986688,Negative,strigatella assimilis
sqrt,Strigatella_assimilis,Strigatella assimilis,italic(Strigatella assimilis),Other,protein_mg_cm2,44,-0.1095118764793123,0.4791689062989948,0.8953468203658107,Negative,strigatella assimilis
sqrt,Strigatella_assimilis,Strigatella assimilis,italic(Strigatella assimilis),Other,zoox_cells_cm2,44,0.08744072440801577,0.5724810409899455,0.9091931712193357,Positive,strigatella assimilis
sqrt,Synalpheus_charon,Synalpheus charon,italic(Synalpheus charon),Other,afdw_mg_cm2,44,0.17335454000186185,0.26044239830416877,0.7497584193604858,Positive,synalpheus charon
sqrt,Synalpheus_charon,Synalpheus charon,italic(Synalpheus charon),Other,carb_mg_cm2,44,0.013659527308272012,0.9298745660776053,0.9834426628709246,Positive,synalpheus charon
sqrt,Synalpheus_charon,Synalpheus charon,italic(Synalpheus charon),Other,growth_vol_b,44,-0.3341409276915564,0.026638174501737888,0.36151808252358564,Negative,synalpheus charon
sqrt,Synalpheus_charon,Synalpheus charon,italic(Synalpheus charon),Other,protein_mg_cm2,44,-0.06730300404182632,0.6642316537503898,0.9262631721598403,Negative,synalpheus charon
sqrt,Synalpheus_charon,Synalpheus charon,italic(Synalpheus charon),Other,zoox_cells_cm2,44,0.3465625118490581,0.021189595110414197,0.36151808252358564,Positive,synalpheus charon
sqrt,Trapezia_serenei,Trapezia serenei,italic(Trapezia serenei),Other,afdw_mg_cm2,44,0.07448092896887085,0.6308747289054786,0.9091931712193357,Positive,trapezia serenei
sqrt,Trapezia_serenei,Trapezia serenei,italic(Trapezia serenei),Other,carb_mg_cm2,44,-0.07941846650648572,0.608337926719632,0.9091931712193357,Negative,trapezia serenei
sqrt,Trapezia_serenei,Trapezia serenei,italic(Trapezia serenei),Other,growth_vol_b,44,-0.18500616295996275,0.22925692996794486,0.7212542870076909,Negative,trapezia serenei
sqrt,Trapezia_serenei,Trapezia serenei,italic(Trapezia serenei),Other,protein_mg_cm2,44,-0.15245186874195943,0.3231872531726593,0.8364153019719142,Negative,trapezia serenei
sqrt,Trapezia_serenei,Trapezia serenei,italic(Trapezia serenei),Other,zoox_cells_cm2,44,0.33677757559314414,0.02539337674030911,0.36151808252358564,Positive,trapezia serenei
sqrt,Trapezia_tigrina,Trapezia tigrina,italic(Trapezia tigrina),Other,afdw_mg_cm2,44,-0.031399347388888645,0.8396560361918383,0.9329028830380054,Negative,trapezia tigrina
sqrt,Trapezia_tigrina,Trapezia tigrina,italic(Trapezia tigrina),Other,carb_mg_cm2,44,-0.10486862734621082,0.4981105025243179,0.9013428140916229,Negative,trapezia tigrina
sqrt,Trapezia_tigrina,Trapezia tigrina,italic(Trapezia tigrina),Other,growth_vol_b,44,0.10965884471724124,0.4785756210633444,0.8953468203658107,Positive,trapezia tigrina
sqrt,Trapezia_tigrina,Trapezia tigrina,italic(Trapezia tigrina),Other,protein_mg_cm2,44,0.012068524088825808,0.9380255796192114,0.9834426628709246,Positive,trapezia tigrina
sqrt,Trapezia_tigrina,Trapezia tigrina,italic(Trapezia tigrina),Other,zoox_cells_cm2,44,-0.27709632918882116,0.06861050757576859,0.5667824538867839,Negative,trapezia tigrina
sqrt,Vexillum_interruptum,Vexillum interruptum,italic(Vexillum interruptum),Other,afdw_mg_cm2,44,0.14795963586498612,0.3378166605847819,0.8445416514619547,Positive,vexillum interruptum
sqrt,Vexillum_interruptum,Vexillum interruptum,italic(Vexillum interruptum),Other,carb_mg_cm2,44,-0.061287404398742903,0.6926930268278686,0.9262631721598403,Negative,vexillum interruptum
sqrt,Vexillum_interruptum,Vexillum interruptum,italic(Vexillum interruptum),Other,growth_vol_b,44,-0.08611244861552529,0.5783507074782741,0.9091931712193357,Negative,vexillum interruptum
sqrt,Vexillum_interruptum,Vexillum interruptum,italic(Vexillum interruptum),Other,protein_mg_cm2,44,0.09113723147096746,0.5562913515187446,0.9091931712193357,Positive,vexillum interruptum
sqrt,Vexillum_interruptum,Vexillum interruptum,italic(Vexillum interruptum),Other,zoox_cells_cm2,44,0.125359200213111,0.4174770674094509,0.8613491303578161,Positive,vexillum interruptum
sqrt,Xanthias_lamarckii,Xanthias lamarckii,italic(Xanthias lamarckii),Other,afdw_mg_cm2,44,-0.07233291072340554,0.6407849656349188,0.9091931712193357,Negative,xanthias lamarckii
sqrt,Xanthias_lamarckii,Xanthias lamarckii,italic(Xanthias lamarckii),Other,carb_mg_cm2,44,-0.22733720855870565,0.13778713155675162,0.6970104741008114,Negative,xanthias lamarckii
sqrt,Xanthias_lamarckii,Xanthias lamarckii,italic(Xanthias lamarckii),Other,growth_vol_b,44,-0.2064573923656755,0.17875554431434887,0.7056641937021072,Negative,xanthias lamarckii
sqrt,Xanthias_lamarckii,Xanthias lamarckii,italic(Xanthias lamarckii),Other,protein_mg_cm2,44,-0.18319460561054157,0.23392930595894,0.7212542870076909,Negative,xanthias lamarckii
sqrt,Xanthias_lamarckii,Xanthias lamarckii,italic(Xanthias lamarckii),Other,zoox_cells_cm2,44,-0.0744037554402667,0.6312296894525962,0.9091931712193357,Negative,xanthias lamarckii
sqrt,Zafra_hahajimana,Zafra hahajimana,italic(Zafra hahajimana),Other,afdw_mg_cm2,44,-0.009589460038928136,0.9507384773810239,0.9834426628709246,Negative,zafra hahajimana
sqrt,Zafra_hahajimana,Zafra hahajimana,italic(Zafra hahajimana),Other,carb_mg_cm2,44,-0.03137639224051623,0.8397717268857493,0.9329028830380054,Negative,zafra hahajimana
sqrt,Zafra_hahajimana,Zafra hahajimana,italic(Zafra hahajimana),Other,growth_vol_b,44,-0.039623902168892486,0.7984382067819826,0.9262631721598403,Negative,zafra hahajimana
sqrt,Zafra_hahajimana,Zafra hahajimana,italic(Zafra hahajimana),Other,protein_mg_cm2,44,0.04041591938527653,0.7944955257333987,0.9262631721598403,Positive,zafra hahajimana
sqrt,Zafra_hahajimana,Zafra hahajimana,italic(Zafra hahajimana),Other,zoox_cells_cm2,44,0.2567418194183852,0.09250368261663322,0.6277035606128682,Positive,zafra hahajimana
